"Time","Process private bytes - healthcareorchestration"
2024-08-09 12:19:00,
2024-08-09 12:20:00,
2024-08-09 12:21:00,
2024-08-09 12:22:00,
2024-08-09 12:23:00,
2024-08-09 12:24:00,476 MB
2024-08-09 12:25:00,465 MB
2024-08-09 12:26:00,516 MB
2024-08-09 12:27:00,546 MB
2024-08-09 12:28:00,548 MB
2024-08-09 12:29:00,552 MB
2024-08-09 12:30:00,552 MB
2024-08-09 12:31:00,527 MB
2024-08-09 12:32:00,525 MB
2024-08-09 12:33:00,525 MB
2024-08-09 12:34:00,525 MB
2024-08-09 12:35:00,526 MB
2024-08-09 12:36:00,526 MB
2024-08-09 12:37:00,527 MB
2024-08-09 12:38:00,528 MB