"Time","Average Concurrency","Average Panic Concurrency","Target Concurrency","Excess Burst Capacity"
2024-08-06 05:55:36,3.28,4.19,,
2024-08-06 05:55:38,3.28,4.19,,
2024-08-06 05:55:40,3.28,4.19,,
2024-08-06 05:55:42,3.28,4.19,,
2024-08-06 05:55:44,3.28,4.19,,
2024-08-06 05:55:46,3.28,4.19,,
2024-08-06 05:55:48,3.28,4.19,,
2024-08-06 05:55:50,3.28,4.19,,
2024-08-06 05:55:52,3.28,4.19,,
2024-08-06 05:55:54,3.28,4.19,,
2024-08-06 05:55:56,3.28,4.19,,
2024-08-06 05:55:58,3.28,4.19,,
2024-08-06 05:56:00,3.28,4.19,8,-206
2024-08-06 05:56:02,3.28,4.19,,
2024-08-06 05:56:04,3.28,4.19,,
2024-08-06 05:56:06,22.7,39.6,,
2024-08-06 05:56:08,22.7,39.6,,
2024-08-06 05:56:10,22.7,39.6,,
2024-08-06 05:56:12,22.7,39.6,,
2024-08-06 05:56:14,22.7,39.6,,
2024-08-06 05:56:16,22.7,39.6,,
2024-08-06 05:56:18,22.7,39.6,,
2024-08-06 05:56:20,22.7,39.6,,
2024-08-06 05:56:22,22.7,39.6,,
2024-08-06 05:56:24,22.7,39.6,,
2024-08-06 05:56:26,22.7,39.6,,
2024-08-06 05:56:28,22.7,39.6,,
2024-08-06 05:56:30,22.7,39.6,8,-201
2024-08-06 05:56:32,22.7,39.6,,
2024-08-06 05:56:34,22.7,39.6,,
2024-08-06 05:56:36,31.9,35.9,,
2024-08-06 05:56:38,31.9,35.9,,
2024-08-06 05:56:40,31.9,35.9,,
2024-08-06 05:56:42,31.9,35.9,,
2024-08-06 05:56:44,31.9,35.9,,
2024-08-06 05:56:46,31.9,35.9,,
2024-08-06 05:56:48,31.9,35.9,,
2024-08-06 05:56:50,31.9,35.9,,
2024-08-06 05:56:52,31.9,35.9,,
2024-08-06 05:56:54,31.9,35.9,,
2024-08-06 05:56:56,31.9,35.9,,
2024-08-06 05:56:58,31.9,35.9,,
2024-08-06 05:57:00,31.9,35.9,8,-187
2024-08-06 05:57:02,31.9,35.9,,
2024-08-06 05:57:04,31.9,35.9,,
2024-08-06 05:57:06,36.8,38.5,,
2024-08-06 05:57:08,36.8,38.5,,
2024-08-06 05:57:10,36.8,38.5,,
2024-08-06 05:57:12,36.8,38.5,,
2024-08-06 05:57:14,36.8,38.5,,
2024-08-06 05:57:16,36.8,38.5,,
2024-08-06 05:57:18,36.8,38.5,,
2024-08-06 05:57:20,36.8,38.5,,
2024-08-06 05:57:22,36.8,38.5,,
2024-08-06 05:57:24,36.8,38.5,,
2024-08-06 05:57:26,36.8,38.5,,
2024-08-06 05:57:28,36.8,38.5,,
2024-08-06 05:57:30,36.8,38.5,8,-200
2024-08-06 05:57:32,36.8,38.5,,
2024-08-06 05:57:34,36.8,38.5,,
2024-08-06 05:57:36,36.3,34.7,,
2024-08-06 05:57:38,36.3,34.7,,
2024-08-06 05:57:40,36.3,34.7,,
2024-08-06 05:57:42,36.3,34.7,,
2024-08-06 05:57:44,36.3,34.7,,
2024-08-06 05:57:46,36.3,34.7,,
2024-08-06 05:57:48,36.3,34.7,,
2024-08-06 05:57:50,36.3,34.7,,
2024-08-06 05:57:52,36.3,34.7,,
2024-08-06 05:57:54,36.3,34.7,,
2024-08-06 05:57:56,36.3,34.7,,
2024-08-06 05:57:58,36.3,34.7,,
2024-08-06 05:58:00,36.3,34.7,8,-196
2024-08-06 05:58:02,36.3,34.7,,
2024-08-06 05:58:04,36.3,34.7,,
2024-08-06 05:58:06,36.1,37.9,,
2024-08-06 05:58:08,36.1,37.9,,
2024-08-06 05:58:10,36.1,37.9,,
2024-08-06 05:58:12,36.1,37.9,,
2024-08-06 05:58:14,36.1,37.9,,
2024-08-06 05:58:16,36.1,37.9,,
2024-08-06 05:58:18,36.1,37.9,,
2024-08-06 05:58:20,36.1,37.9,,
2024-08-06 05:58:22,36.1,37.9,,
2024-08-06 05:58:24,36.1,37.9,,
2024-08-06 05:58:26,36.1,37.9,,
2024-08-06 05:58:28,36.1,37.9,,
2024-08-06 05:58:30,36.1,37.9,8,-199
2024-08-06 05:58:32,36.1,37.9,,
2024-08-06 05:58:34,36.1,37.9,,
2024-08-06 05:58:36,37.8,38.2,,
2024-08-06 05:58:38,37.8,38.2,,
2024-08-06 05:58:40,37.8,38.2,,
2024-08-06 05:58:42,37.8,38.2,,
2024-08-06 05:58:44,37.8,38.2,,
2024-08-06 05:58:46,37.8,38.2,,
2024-08-06 05:58:48,37.8,38.2,,
2024-08-06 05:58:50,37.8,38.2,,
2024-08-06 05:58:52,37.8,38.2,,
2024-08-06 05:58:54,37.8,38.2,,
2024-08-06 05:58:56,37.8,38.2,,
2024-08-06 05:58:58,37.8,38.2,,
2024-08-06 05:59:00,37.8,38.2,8,-200
2024-08-06 05:59:02,37.8,38.2,,
2024-08-06 05:59:04,37.8,38.2,,
2024-08-06 05:59:06,38.1,38.0,,
2024-08-06 05:59:08,38.1,38.0,,
2024-08-06 05:59:10,38.1,38.0,,
2024-08-06 05:59:12,38.1,38.0,,
2024-08-06 05:59:14,38.1,38.0,,
2024-08-06 05:59:16,38.1,38.0,,
2024-08-06 05:59:18,38.1,38.0,,
2024-08-06 05:59:20,38.1,38.0,,
2024-08-06 05:59:22,38.1,38.0,,
2024-08-06 05:59:24,38.1,38.0,,
2024-08-06 05:59:26,38.1,38.0,,
2024-08-06 05:59:28,38.1,38.0,,
2024-08-06 05:59:30,38.1,38.0,8,-199
2024-08-06 05:59:32,38.1,38.0,,
2024-08-06 05:59:34,38.1,38.0,,
2024-08-06 05:59:36,38.1,38.2,,
2024-08-06 05:59:38,38.1,38.2,,
2024-08-06 05:59:40,38.1,38.2,,
2024-08-06 05:59:42,38.1,38.2,,
2024-08-06 05:59:44,38.1,38.2,,
2024-08-06 05:59:46,38.1,38.2,,
2024-08-06 05:59:48,38.1,38.2,,
2024-08-06 05:59:50,38.1,38.2,,
2024-08-06 05:59:52,38.1,38.2,,
2024-08-06 05:59:54,38.1,38.2,,
2024-08-06 05:59:56,38.1,38.2,,
2024-08-06 05:59:58,38.1,38.2,,
2024-08-06 06:00:00,38.1,38.2,8,-200
2024-08-06 06:00:02,38.1,38.2,,
2024-08-06 06:00:04,38.1,38.2,,
2024-08-06 06:00:06,38.1,38.0,,
2024-08-06 06:00:08,38.1,38.0,,
2024-08-06 06:00:10,38.1,38.0,,
2024-08-06 06:00:12,38.1,38.0,,
2024-08-06 06:00:14,38.1,38.0,,
2024-08-06 06:00:16,38.1,38.0,,
2024-08-06 06:00:18,38.1,38.0,,
2024-08-06 06:00:20,38.1,38.0,,
2024-08-06 06:00:22,38.1,38.0,,
2024-08-06 06:00:24,38.1,38.0,,
2024-08-06 06:00:26,38.1,38.0,,
2024-08-06 06:00:28,38.1,38.0,,
2024-08-06 06:00:30,38.1,38.0,8,-199
2024-08-06 06:00:32,38.1,38.0,,
2024-08-06 06:00:34,38.1,38.0,,
2024-08-06 06:00:36,38.2,38.2,,
2024-08-06 06:00:38,38.2,38.2,,
2024-08-06 06:00:40,38.2,38.2,,
2024-08-06 06:00:42,38.2,38.2,,
2024-08-06 06:00:44,38.2,38.2,,
2024-08-06 06:00:46,38.2,38.2,,
2024-08-06 06:00:48,38.2,38.2,,
2024-08-06 06:00:50,38.2,38.2,,
2024-08-06 06:00:52,38.2,38.2,,
2024-08-06 06:00:54,38.2,38.2,,
2024-08-06 06:00:56,38.2,38.2,,
2024-08-06 06:00:58,38.2,38.2,,
2024-08-06 06:01:00,38.2,38.2,8,-200
2024-08-06 06:01:02,38.2,38.2,,
2024-08-06 06:01:04,38.2,38.2,,
2024-08-06 06:01:06,38.2,38.2,,
2024-08-06 06:01:08,38.2,38.2,,
2024-08-06 06:01:10,38.2,38.2,,
2024-08-06 06:01:12,38.2,38.2,,
2024-08-06 06:01:14,38.2,38.2,,
2024-08-06 06:01:16,38.2,38.2,,
2024-08-06 06:01:18,38.2,38.2,,
2024-08-06 06:01:20,38.2,38.2,,
2024-08-06 06:01:22,38.2,38.2,,
2024-08-06 06:01:24,38.2,38.2,,
2024-08-06 06:01:26,38.2,38.2,,
2024-08-06 06:01:28,38.2,38.2,,
2024-08-06 06:01:30,38.2,38.2,8,-200
2024-08-06 06:01:32,38.2,38.2,,
2024-08-06 06:01:34,38.2,38.2,,
2024-08-06 06:01:36,38.3,38.2,,
2024-08-06 06:01:38,38.3,38.2,,
2024-08-06 06:01:40,38.3,38.2,,
2024-08-06 06:01:42,38.3,38.2,,
2024-08-06 06:01:44,38.3,38.2,,
2024-08-06 06:01:46,38.3,38.2,,
2024-08-06 06:01:48,38.3,38.2,,
2024-08-06 06:01:50,38.3,38.2,,
2024-08-06 06:01:52,38.3,38.2,,
2024-08-06 06:01:54,38.3,38.2,,
2024-08-06 06:01:56,38.3,38.2,,
2024-08-06 06:01:58,38.3,38.2,,
2024-08-06 06:02:00,38.3,38.2,8,-200
2024-08-06 06:02:02,38.3,38.2,,
2024-08-06 06:02:04,38.3,38.2,,
2024-08-06 06:02:06,37.4,36.3,,
2024-08-06 06:02:08,37.4,36.3,,
2024-08-06 06:02:10,37.4,36.3,,
2024-08-06 06:02:12,37.4,36.3,,
2024-08-06 06:02:14,37.4,36.3,,
2024-08-06 06:02:16,37.4,36.3,,
2024-08-06 06:02:18,37.4,36.3,,
2024-08-06 06:02:20,37.4,36.3,,
2024-08-06 06:02:22,37.4,36.3,,
2024-08-06 06:02:24,37.4,36.3,,
2024-08-06 06:02:26,37.4,36.3,,
2024-08-06 06:02:28,37.4,36.3,,
2024-08-06 06:02:30,37.4,36.3,8,-198
2024-08-06 06:02:32,37.4,36.3,,
2024-08-06 06:02:34,37.4,36.3,,
2024-08-06 06:02:36,32.8,0.166,,
2024-08-06 06:02:38,32.8,0.166,,
2024-08-06 06:02:40,32.8,0.166,,
2024-08-06 06:02:42,32.8,0.166,,
2024-08-06 06:02:44,32.8,0.166,,
2024-08-06 06:02:46,32.8,0.166,,
2024-08-06 06:02:48,32.8,0.166,,
2024-08-06 06:02:50,32.8,0.166,,
2024-08-06 06:02:52,32.8,0.166,,
2024-08-06 06:02:54,32.8,0.166,,
2024-08-06 06:02:56,32.8,0.166,,
2024-08-06 06:02:58,32.8,0.166,,
2024-08-06 06:03:00,32.8,0.166,8,-162
2024-08-06 06:03:02,32.8,0.166,,
2024-08-06 06:03:04,32.8,0.166,,
2024-08-06 06:03:06,14.7,-0.00000100,,
2024-08-06 06:03:08,14.7,-0.00000100,,
2024-08-06 06:03:10,14.7,-0.00000100,,
2024-08-06 06:03:12,14.7,-0.00000100,,
2024-08-06 06:03:14,14.7,-0.00000100,,
2024-08-06 06:03:16,14.7,-0.00000100,,
2024-08-06 06:03:18,14.7,-0.00000100,,
2024-08-06 06:03:20,14.7,-0.00000100,,
2024-08-06 06:03:22,14.7,-0.00000100,,
2024-08-06 06:03:24,14.7,-0.00000100,,
2024-08-06 06:03:26,14.7,-0.00000100,,
2024-08-06 06:03:28,14.7,-0.00000100,,
2024-08-06 06:03:30,14.7,-0.00000100,8,-191
2024-08-06 06:03:32,14.7,-0.00000100,,
2024-08-06 06:03:34,14.7,-0.00000100,,
2024-08-06 06:03:36,-0.00000100,-0.00000100,,
2024-08-06 06:03:38,-0.00000100,-0.00000100,,
2024-08-06 06:03:40,-0.00000100,-0.00000100,,
2024-08-06 06:03:42,-0.00000100,-0.00000100,,
2024-08-06 06:03:44,-0.00000100,-0.00000100,,
2024-08-06 06:03:46,-0.00000100,-0.00000100,,
2024-08-06 06:03:48,-0.00000100,-0.00000100,,
2024-08-06 06:03:50,-0.00000100,-0.00000100,,
2024-08-06 06:03:52,-0.00000100,-0.00000100,,
2024-08-06 06:03:54,-0.00000100,-0.00000100,,
2024-08-06 06:03:56,-0.00000100,-0.00000100,,
2024-08-06 06:03:58,-0.00000100,-0.00000100,,
2024-08-06 06:04:00,-0.00000100,-0.00000100,8,-211
2024-08-06 06:04:02,-0.00000100,-0.00000100,,
2024-08-06 06:04:04,-0.00000100,-0.00000100,,
2024-08-06 06:04:06,-0.00000100,0,,
2024-08-06 06:04:08,-0.00000100,0,,
2024-08-06 06:04:10,-0.00000100,0,,
2024-08-06 06:04:12,-0.00000100,0,,
2024-08-06 06:04:14,-0.00000100,0,,
2024-08-06 06:04:16,-0.00000100,0,,
2024-08-06 06:04:18,-0.00000100,0,,
2024-08-06 06:04:20,-0.00000100,0,,
2024-08-06 06:04:22,-0.00000100,0,,
2024-08-06 06:04:24,-0.00000100,0,,
2024-08-06 06:04:26,-0.00000100,0,,
2024-08-06 06:04:28,-0.00000100,0,,
2024-08-06 06:04:30,-0.00000100,0,8,-211
2024-08-06 06:04:32,-0.00000100,0,,
2024-08-06 06:04:34,-0.00000100,0,,
2024-08-06 06:04:36,0,0,,
2024-08-06 06:04:38,0,0,,
2024-08-06 06:04:40,0,0,,
2024-08-06 06:04:42,0,0,,
2024-08-06 06:04:44,0,0,,
2024-08-06 06:04:46,0,0,,
2024-08-06 06:04:48,0,0,,
2024-08-06 06:04:50,0,0,,
2024-08-06 06:04:52,0,0,,
2024-08-06 06:04:54,0,0,,
2024-08-06 06:04:56,0,0,,
2024-08-06 06:04:58,0,0,,
2024-08-06 06:05:00,0,0,8,-211
2024-08-06 06:05:02,0,0,,
2024-08-06 06:05:04,0,0,,
2024-08-06 06:05:06,0,0,,
2024-08-06 06:05:08,0,0,,
2024-08-06 06:05:10,0,0,,
2024-08-06 06:05:12,0,0,,
2024-08-06 06:05:14,0,0,,
2024-08-06 06:05:16,0,0,,
2024-08-06 06:05:18,0,0,,
2024-08-06 06:05:20,0,0,,
2024-08-06 06:05:22,0,0,,
2024-08-06 06:05:24,0,0,,
2024-08-06 06:05:26,0,0,,
2024-08-06 06:05:28,0,0,,
2024-08-06 06:05:30,0,0,8,-211
2024-08-06 06:05:32,0,0,,
2024-08-06 06:05:34,0,0,,
2024-08-06 06:05:36,0,0,,
2024-08-06 06:05:38,0,0,,
2024-08-06 06:05:40,0,0,,
2024-08-06 06:05:42,0,0,,
2024-08-06 06:05:44,0,0,,
2024-08-06 06:05:46,0,0,,
2024-08-06 06:05:48,0,0,,
2024-08-06 06:05:50,0,0,,
2024-08-06 06:05:52,0,0,,
2024-08-06 06:05:54,0,0,,
2024-08-06 06:05:56,0,0,,
2024-08-06 06:05:58,0,0,,
2024-08-06 06:06:00,0,0,8,-211
2024-08-06 06:06:02,0,0,,
2024-08-06 06:06:04,0,0,,
2024-08-06 06:06:06,28.7,51.3,,
2024-08-06 06:06:08,28.7,51.3,,
2024-08-06 06:06:10,28.7,51.3,,
2024-08-06 06:06:12,28.7,51.3,,
2024-08-06 06:06:14,28.7,51.3,,
2024-08-06 06:06:16,28.7,51.3,,
2024-08-06 06:06:18,28.7,51.3,,
2024-08-06 06:06:20,28.7,51.3,,
2024-08-06 06:06:22,28.7,51.3,,
2024-08-06 06:06:24,28.7,51.3,,
2024-08-06 06:06:26,28.7,51.3,,
2024-08-06 06:06:28,28.7,51.3,,
2024-08-06 06:06:30,28.7,51.3,8,-213
2024-08-06 06:06:32,28.7,51.3,,
2024-08-06 06:06:34,28.7,51.3,,
2024-08-06 06:06:36,59.3,83.4,,
2024-08-06 06:06:38,59.3,83.4,,
2024-08-06 06:06:40,59.3,83.4,,
2024-08-06 06:06:42,59.3,83.4,,
2024-08-06 06:06:44,59.3,83.4,,
2024-08-06 06:06:46,59.3,83.4,,
2024-08-06 06:06:48,59.3,83.4,,
2024-08-06 06:06:50,59.3,83.4,,
2024-08-06 06:06:52,59.3,83.4,,
2024-08-06 06:06:54,59.3,83.4,,
2024-08-06 06:06:56,59.3,83.4,,
2024-08-06 06:06:58,59.3,83.4,,
2024-08-06 06:07:00,59.3,83.4,8,-185
2024-08-06 06:07:02,59.3,83.4,,
2024-08-06 06:07:04,59.3,83.4,,
2024-08-06 06:07:06,79.8,78.2,,
2024-08-06 06:07:08,79.8,78.2,,
2024-08-06 06:07:10,79.8,78.2,,
2024-08-06 06:07:12,79.8,78.2,,
2024-08-06 06:07:14,79.8,78.2,,
2024-08-06 06:07:16,79.8,78.2,,
2024-08-06 06:07:18,79.8,78.2,,
2024-08-06 06:07:20,79.8,78.2,,
2024-08-06 06:07:22,79.8,78.2,,
2024-08-06 06:07:24,79.8,78.2,,
2024-08-06 06:07:26,79.8,78.2,,
2024-08-06 06:07:28,79.8,78.2,,
2024-08-06 06:07:30,79.8,78.2,8,-190
2024-08-06 06:07:32,79.8,78.2,,
2024-08-06 06:07:34,79.8,78.2,,
2024-08-06 06:07:36,80.2,78.8,,
2024-08-06 06:07:38,80.2,78.8,,
2024-08-06 06:07:40,80.2,78.8,,
2024-08-06 06:07:42,80.2,78.8,,
2024-08-06 06:07:44,80.2,78.8,,
2024-08-06 06:07:46,80.2,78.8,,
2024-08-06 06:07:48,80.2,78.8,,
2024-08-06 06:07:50,80.2,78.8,,
2024-08-06 06:07:52,80.2,78.8,,
2024-08-06 06:07:54,80.2,78.8,,
2024-08-06 06:07:56,80.2,78.8,,
2024-08-06 06:07:58,80.2,78.8,,
2024-08-06 06:08:00,80.2,78.8,8,-180
2024-08-06 06:08:02,80.2,78.8,,
2024-08-06 06:08:04,80.2,78.8,,
2024-08-06 06:08:06,81.1,76.6,,
2024-08-06 06:08:08,81.1,76.6,,
2024-08-06 06:08:10,81.1,76.6,,
2024-08-06 06:08:12,81.1,76.6,,
2024-08-06 06:08:14,81.1,76.6,,
2024-08-06 06:08:16,81.1,76.6,,
2024-08-06 06:08:18,81.1,76.6,,
2024-08-06 06:08:20,81.1,76.6,,
2024-08-06 06:08:22,81.1,76.6,,
2024-08-06 06:08:24,81.1,76.6,,
2024-08-06 06:08:26,81.1,76.6,,
2024-08-06 06:08:28,81.1,76.6,,
2024-08-06 06:08:30,81.1,76.6,8,-178
2024-08-06 06:08:32,81.1,76.6,,
2024-08-06 06:08:34,81.1,76.6,,
2024-08-06 06:08:36,80.8,85.2,,
2024-08-06 06:08:38,80.8,85.2,,
2024-08-06 06:08:40,80.8,85.2,,
2024-08-06 06:08:42,80.8,85.2,,
2024-08-06 06:08:44,80.8,85.2,,
2024-08-06 06:08:46,80.8,85.2,,
2024-08-06 06:08:48,80.8,85.2,,
2024-08-06 06:08:50,80.8,85.2,,
2024-08-06 06:08:52,80.8,85.2,,
2024-08-06 06:08:54,80.8,85.2,,
2024-08-06 06:08:56,80.8,85.2,,
2024-08-06 06:08:58,80.8,85.2,,
2024-08-06 06:09:00,80.8,85.2,8,-187
2024-08-06 06:09:02,80.8,85.2,,
2024-08-06 06:09:04,80.8,85.2,,
2024-08-06 06:09:06,81.2,83.8,,
2024-08-06 06:09:08,81.2,83.8,,
2024-08-06 06:09:10,81.2,83.8,,
2024-08-06 06:09:12,81.2,83.8,,
2024-08-06 06:09:14,81.2,83.8,,
2024-08-06 06:09:16,81.2,83.8,,
2024-08-06 06:09:18,81.2,83.8,,
2024-08-06 06:09:20,81.2,83.8,,
2024-08-06 06:09:22,81.2,83.8,,
2024-08-06 06:09:24,81.2,83.8,,
2024-08-06 06:09:26,81.2,83.8,,
2024-08-06 06:09:28,81.2,83.8,,
2024-08-06 06:09:30,81.2,83.8,8,-185
2024-08-06 06:09:32,81.2,83.8,,
2024-08-06 06:09:34,81.2,83.8,,
2024-08-06 06:09:36,79.9,81.7,,
2024-08-06 06:09:38,79.9,81.7,,
2024-08-06 06:09:40,79.9,81.7,,
2024-08-06 06:09:42,79.9,81.7,,
2024-08-06 06:09:44,79.9,81.7,,
2024-08-06 06:09:46,79.9,81.7,,
2024-08-06 06:09:48,79.9,81.7,,
2024-08-06 06:09:50,79.9,81.7,,
2024-08-06 06:09:52,79.9,81.7,,
2024-08-06 06:09:54,79.9,81.7,,
2024-08-06 06:09:56,79.9,81.7,,
2024-08-06 06:09:58,79.9,81.7,,
2024-08-06 06:10:00,79.9,81.7,8,-183
2024-08-06 06:10:02,79.9,81.7,,
2024-08-06 06:10:04,79.9,81.7,,
2024-08-06 06:10:06,79.6,81.2,,
2024-08-06 06:10:08,79.6,81.2,,
2024-08-06 06:10:10,79.6,81.2,,
2024-08-06 06:10:12,79.6,81.2,,
2024-08-06 06:10:14,79.6,81.2,,
2024-08-06 06:10:16,79.6,81.2,,
2024-08-06 06:10:18,79.6,81.2,,
2024-08-06 06:10:20,79.6,81.2,,
2024-08-06 06:10:22,79.6,81.2,,
2024-08-06 06:10:24,79.6,81.2,,
2024-08-06 06:10:26,79.6,81.2,,
2024-08-06 06:10:28,79.6,81.2,,
2024-08-06 06:10:30,79.6,81.2,8,-193
2024-08-06 06:10:32,79.6,81.2,,
2024-08-06 06:10:34,79.6,81.2,,
2024-08-06 06:10:36,81.2,81.0,,
2024-08-06 06:10:38,81.2,81.0,,
2024-08-06 06:10:40,81.2,81.0,,
2024-08-06 06:10:42,81.2,81.0,,
2024-08-06 06:10:44,81.2,81.0,,
2024-08-06 06:10:46,81.2,81.0,,
2024-08-06 06:10:48,81.2,81.0,,
2024-08-06 06:10:50,81.2,81.0,,
2024-08-06 06:10:52,81.2,81.0,,
2024-08-06 06:10:54,81.2,81.0,,
2024-08-06 06:10:56,81.2,81.0,,
2024-08-06 06:10:58,81.2,81.0,,
2024-08-06 06:11:00,81.2,81.0,8,-182
2024-08-06 06:11:02,81.2,81.0,,
2024-08-06 06:11:04,81.2,81.0,,
2024-08-06 06:11:06,80.2,78.9,,
2024-08-06 06:11:08,80.2,78.9,,
2024-08-06 06:11:10,80.2,78.9,,
2024-08-06 06:11:12,80.2,78.9,,
2024-08-06 06:11:14,80.2,78.9,,
2024-08-06 06:11:16,80.2,78.9,,
2024-08-06 06:11:18,80.2,78.9,,
2024-08-06 06:11:20,80.2,78.9,,
2024-08-06 06:11:22,80.2,78.9,,
2024-08-06 06:11:24,80.2,78.9,,
2024-08-06 06:11:26,80.2,78.9,,
2024-08-06 06:11:28,80.2,78.9,,
2024-08-06 06:11:30,80.2,78.9,8,-180
2024-08-06 06:11:32,80.2,78.9,,
2024-08-06 06:11:34,80.2,78.9,,
2024-08-06 06:11:36,79.8,79.8,,
2024-08-06 06:11:38,79.8,79.8,,
2024-08-06 06:11:40,79.8,79.8,,
2024-08-06 06:11:42,79.8,79.8,,
2024-08-06 06:11:44,79.8,79.8,,
2024-08-06 06:11:46,79.8,79.8,,
2024-08-06 06:11:48,79.8,79.8,,
2024-08-06 06:11:50,79.8,79.8,,
2024-08-06 06:11:52,79.8,79.8,,
2024-08-06 06:11:54,79.8,79.8,,
2024-08-06 06:11:56,79.8,79.8,,
2024-08-06 06:11:58,79.8,79.8,,
2024-08-06 06:12:00,79.8,79.8,8,-191
2024-08-06 06:12:02,79.8,79.8,,
2024-08-06 06:12:04,79.8,79.8,,
2024-08-06 06:12:06,80.7,78.2,,
2024-08-06 06:12:08,80.7,78.2,,
2024-08-06 06:12:10,80.7,78.2,,
2024-08-06 06:12:12,80.7,78.2,,
2024-08-06 06:12:14,80.7,78.2,,
2024-08-06 06:12:16,80.7,78.2,,
2024-08-06 06:12:18,80.7,78.2,,
2024-08-06 06:12:20,80.7,78.2,,
2024-08-06 06:12:22,80.7,78.2,,
2024-08-06 06:12:24,80.7,78.2,,
2024-08-06 06:12:26,80.7,78.2,,
2024-08-06 06:12:28,80.7,78.2,,
2024-08-06 06:12:30,80.7,78.2,8,-180
2024-08-06 06:12:32,80.7,78.2,,
2024-08-06 06:12:34,80.7,78.2,,
2024-08-06 06:12:36,80.7,85.7,,
2024-08-06 06:12:38,80.7,85.7,,
2024-08-06 06:12:40,80.7,85.7,,
2024-08-06 06:12:42,80.7,85.7,,
2024-08-06 06:12:44,80.7,85.7,,
2024-08-06 06:12:46,80.7,85.7,,
2024-08-06 06:12:48,80.7,85.7,,
2024-08-06 06:12:50,80.7,85.7,,
2024-08-06 06:12:52,80.7,85.7,,
2024-08-06 06:12:54,80.7,85.7,,
2024-08-06 06:12:56,80.7,85.7,,
2024-08-06 06:12:58,80.7,85.7,,
2024-08-06 06:13:00,80.7,85.7,8,-197
2024-08-06 06:13:02,80.7,85.7,,
2024-08-06 06:13:04,80.7,85.7,,
2024-08-06 06:13:06,51.8,-0.00000100,,
2024-08-06 06:13:08,51.8,-0.00000100,,
2024-08-06 06:13:10,51.8,-0.00000100,,
2024-08-06 06:13:12,51.8,-0.00000100,,
2024-08-06 06:13:14,51.8,-0.00000100,,
2024-08-06 06:13:16,51.8,-0.00000100,,
2024-08-06 06:13:18,51.8,-0.00000100,,
2024-08-06 06:13:20,51.8,-0.00000100,,
2024-08-06 06:13:22,51.8,-0.00000100,,
2024-08-06 06:13:24,51.8,-0.00000100,,
2024-08-06 06:13:26,51.8,-0.00000100,,
2024-08-06 06:13:28,51.8,-0.00000100,,
2024-08-06 06:13:30,51.8,-0.00000100,8,-141
2024-08-06 06:13:32,51.8,-0.00000100,,
2024-08-06 06:13:34,51.8,-0.00000100,,
2024-08-06 06:13:36,11.4,-0.00000100,,
2024-08-06 06:13:38,11.4,-0.00000100,,
2024-08-06 06:13:40,11.4,-0.00000100,,
2024-08-06 06:13:42,11.4,-0.00000100,,
2024-08-06 06:13:44,11.4,-0.00000100,,
2024-08-06 06:13:46,11.4,-0.00000100,,
2024-08-06 06:13:48,11.4,-0.00000100,,
2024-08-06 06:13:50,11.4,-0.00000100,,
2024-08-06 06:13:52,11.4,-0.00000100,,
2024-08-06 06:13:54,11.4,-0.00000100,,
2024-08-06 06:13:56,11.4,-0.00000100,,
2024-08-06 06:13:58,11.4,-0.00000100,,
2024-08-06 06:14:00,11.4,-0.00000100,8,-191
2024-08-06 06:14:02,11.4,-0.00000100,,
2024-08-06 06:14:04,11.4,-0.00000100,,
2024-08-06 06:14:06,-0.00000100,0,,
2024-08-06 06:14:08,-0.00000100,0,,
2024-08-06 06:14:10,-0.00000100,0,,
2024-08-06 06:14:12,-0.00000100,0,,
2024-08-06 06:14:14,-0.00000100,0,,
2024-08-06 06:14:16,-0.00000100,0,,
2024-08-06 06:14:18,-0.00000100,0,,
2024-08-06 06:14:20,-0.00000100,0,,
2024-08-06 06:14:22,-0.00000100,0,,
2024-08-06 06:14:24,-0.00000100,0,,
2024-08-06 06:14:26,-0.00000100,0,,
2024-08-06 06:14:28,-0.00000100,0,,
2024-08-06 06:14:30,-0.00000100,0,8,-211
2024-08-06 06:14:32,-0.00000100,0,,
2024-08-06 06:14:34,-0.00000100,0,,
2024-08-06 06:14:36,-0.00000100,0,,
2024-08-06 06:14:38,-0.00000100,0,,
2024-08-06 06:14:40,-0.00000100,0,,
2024-08-06 06:14:42,-0.00000100,0,,
2024-08-06 06:14:44,-0.00000100,0,,
2024-08-06 06:14:46,-0.00000100,0,,
2024-08-06 06:14:48,-0.00000100,0,,
2024-08-06 06:14:50,-0.00000100,0,,
2024-08-06 06:14:52,-0.00000100,0,,
2024-08-06 06:14:54,-0.00000100,0,,
2024-08-06 06:14:56,-0.00000100,0,,
2024-08-06 06:14:58,-0.00000100,0,,
2024-08-06 06:15:00,-0.00000100,0,8,-211
2024-08-06 06:15:02,-0.00000100,0,,
2024-08-06 06:15:04,-0.00000100,0,,
2024-08-06 06:15:06,0,0,,
2024-08-06 06:15:08,0,0,,
2024-08-06 06:15:10,0,0,,
2024-08-06 06:15:12,0,0,,
2024-08-06 06:15:14,0,0,,
2024-08-06 06:15:16,0,0,,
2024-08-06 06:15:18,0,0,,
2024-08-06 06:15:20,0,0,,
2024-08-06 06:15:22,0,0,,
2024-08-06 06:15:24,0,0,,
2024-08-06 06:15:26,0,0,,
2024-08-06 06:15:28,0,0,,
2024-08-06 06:15:30,0,0,8,-211
2024-08-06 06:15:32,0,0,,
2024-08-06 06:15:34,0,0,,
2024-08-06 06:15:36,0,0,,
2024-08-06 06:15:38,0,0,,
2024-08-06 06:15:40,0,0,,
2024-08-06 06:15:42,0,0,,
2024-08-06 06:15:44,0,0,,
2024-08-06 06:15:46,0,0,,
2024-08-06 06:15:48,0,0,,
2024-08-06 06:15:50,0,0,,
2024-08-06 06:15:52,0,0,,
2024-08-06 06:15:54,0,0,,
2024-08-06 06:15:56,0,0,,
2024-08-06 06:15:58,0,0,,
2024-08-06 06:16:00,0,0,8,-211
2024-08-06 06:16:02,0,0,,
2024-08-06 06:16:04,0,0,,
2024-08-06 06:16:06,0,0,,
2024-08-06 06:16:08,0,0,,
2024-08-06 06:16:10,0,0,,
2024-08-06 06:16:12,0,0,,
2024-08-06 06:16:14,0,0,,
2024-08-06 06:16:16,0,0,,
2024-08-06 06:16:18,0,0,,
2024-08-06 06:16:20,0,0,,
2024-08-06 06:16:22,0,0,,
2024-08-06 06:16:24,0,0,,
2024-08-06 06:16:26,0,0,,
2024-08-06 06:16:28,0,0,,
2024-08-06 06:16:30,0,0,8,-211
2024-08-06 06:16:32,0,0,,
2024-08-06 06:16:34,0,0,,
2024-08-06 06:16:36,0,0,,
2024-08-06 06:16:38,0,0,,
2024-08-06 06:16:40,0,0,,
2024-08-06 06:16:42,0,0,,
2024-08-06 06:16:44,0,0,,
2024-08-06 06:16:46,0,0,,
2024-08-06 06:16:48,0,0,,
2024-08-06 06:16:50,0,0,,
2024-08-06 06:16:52,0,0,,
2024-08-06 06:16:54,0,0,,
2024-08-06 06:16:56,0,0,,
2024-08-06 06:16:58,0,0,,
2024-08-06 06:17:00,0,0,8,-211
2024-08-06 06:17:02,0,0,,
2024-08-06 06:17:04,0,0,,
2024-08-06 06:17:06,0,0,,
2024-08-06 06:17:08,0,0,,
2024-08-06 06:17:10,0,0,,
2024-08-06 06:17:12,0,0,,
2024-08-06 06:17:14,0,0,,
2024-08-06 06:17:16,0,0,,
2024-08-06 06:17:18,0,0,,
2024-08-06 06:17:20,0,0,,
2024-08-06 06:17:22,0,0,,
2024-08-06 06:17:24,0,0,,
2024-08-06 06:17:26,0,0,,
2024-08-06 06:17:28,0,0,,
2024-08-06 06:17:30,0,0,8,-211
2024-08-06 06:17:32,0,0,,
2024-08-06 06:17:34,0,0,,
2024-08-06 06:17:36,0,0,,
2024-08-06 06:17:38,0,0,,
2024-08-06 06:17:40,0,0,,
2024-08-06 06:17:42,0,0,,
2024-08-06 06:17:44,0,0,,
2024-08-06 06:17:46,0,0,,
2024-08-06 06:17:48,0,0,,
2024-08-06 06:17:50,0,0,,
2024-08-06 06:17:52,0,0,,
2024-08-06 06:17:54,0,0,,
2024-08-06 06:17:56,0,0,,
2024-08-06 06:17:58,0,0,,
2024-08-06 06:18:00,0,0,8,-211
2024-08-06 06:18:02,0,0,,
2024-08-06 06:18:04,0,0,,
2024-08-06 06:18:06,0,0,,
2024-08-06 06:18:08,0,0,,
2024-08-06 06:18:10,0,0,,
2024-08-06 06:18:12,0,0,,
2024-08-06 06:18:14,0,0,,
2024-08-06 06:18:16,0,0,,
2024-08-06 06:18:18,0,0,,
2024-08-06 06:18:20,0,0,,
2024-08-06 06:18:22,0,0,,
2024-08-06 06:18:24,0,0,,
2024-08-06 06:18:26,0,0,,
2024-08-06 06:18:28,0,0,,
2024-08-06 06:18:30,0,0,8,-211
2024-08-06 06:18:32,0,0,,
2024-08-06 06:18:34,0,0,,
2024-08-06 06:18:36,0,0,,
2024-08-06 06:18:38,0,0,,
2024-08-06 06:18:40,0,0,,
2024-08-06 06:18:42,0,0,,
2024-08-06 06:18:44,0,0,,
2024-08-06 06:18:46,0,0,,
2024-08-06 06:18:48,0,0,,
2024-08-06 06:18:50,0,0,,
2024-08-06 06:18:52,0,0,,
2024-08-06 06:18:54,0,0,,
2024-08-06 06:18:56,0,0,,
2024-08-06 06:18:58,0,0,,
2024-08-06 06:19:00,0,0,8,-211
2024-08-06 06:19:02,0,0,,
2024-08-06 06:19:04,0,0,,
2024-08-06 06:19:06,0,0,,
2024-08-06 06:19:08,0,0,,
2024-08-06 06:19:10,0,0,,
2024-08-06 06:19:12,0,0,,
2024-08-06 06:19:14,0,0,,
2024-08-06 06:19:16,0,0,,
2024-08-06 06:19:18,0,0,,
2024-08-06 06:19:20,0,0,,
2024-08-06 06:19:22,0,0,,
2024-08-06 06:19:24,0,0,,
2024-08-06 06:19:26,0,0,,
2024-08-06 06:19:28,0,0,,
2024-08-06 06:19:30,0,0,8,-211
2024-08-06 06:19:32,0,0,,
2024-08-06 06:19:34,0,0,,
2024-08-06 06:19:36,11.7,17.6,,
2024-08-06 06:19:38,11.7,17.6,,
2024-08-06 06:19:40,11.7,17.6,,
2024-08-06 06:19:42,11.7,17.6,,
2024-08-06 06:19:44,11.7,17.6,,
2024-08-06 06:19:46,11.7,17.6,,
2024-08-06 06:19:48,11.7,17.6,,
2024-08-06 06:19:50,11.7,17.6,,
2024-08-06 06:19:52,11.7,17.6,,
2024-08-06 06:19:54,11.7,17.6,,
2024-08-06 06:19:56,11.7,17.6,,
2024-08-06 06:19:58,11.7,17.6,,
2024-08-06 06:20:00,11.7,17.6,8,-219
2024-08-06 06:20:02,11.7,17.6,,
2024-08-06 06:20:04,11.7,17.6,,
2024-08-06 06:20:06,57.0,109,,
2024-08-06 06:20:08,57.0,109,,
2024-08-06 06:20:10,57.0,109,,
2024-08-06 06:20:12,57.0,109,,
2024-08-06 06:20:14,57.0,109,,
2024-08-06 06:20:16,57.0,109,,
2024-08-06 06:20:18,57.0,109,,
2024-08-06 06:20:20,57.0,109,,
2024-08-06 06:20:22,57.0,109,,
2024-08-06 06:20:24,57.0,109,,
2024-08-06 06:20:26,57.0,109,,
2024-08-06 06:20:28,57.0,109,,
2024-08-06 06:20:30,57.0,109,8,-220
2024-08-06 06:20:32,57.0,109,,
2024-08-06 06:20:34,57.0,109,,
2024-08-06 06:20:36,117,185,,
2024-08-06 06:20:38,117,185,,
2024-08-06 06:20:40,117,185,,
2024-08-06 06:20:42,117,185,,
2024-08-06 06:20:44,117,185,,
2024-08-06 06:20:46,117,185,,
2024-08-06 06:20:48,117,185,,
2024-08-06 06:20:50,117,185,,
2024-08-06 06:20:52,117,185,,
2024-08-06 06:20:54,117,185,,
2024-08-06 06:20:56,117,185,,
2024-08-06 06:20:58,117,185,,
2024-08-06 06:21:00,117,185,8,-256
2024-08-06 06:21:02,117,185,,
2024-08-06 06:21:04,117,185,,
2024-08-06 06:21:06,172,183,,
2024-08-06 06:21:08,172,183,,
2024-08-06 06:21:10,172,183,,
2024-08-06 06:21:12,172,183,,
2024-08-06 06:21:14,172,183,,
2024-08-06 06:21:16,172,183,,
2024-08-06 06:21:18,172,183,,
2024-08-06 06:21:20,172,183,,
2024-08-06 06:21:22,172,183,,
2024-08-06 06:21:24,172,183,,
2024-08-06 06:21:26,172,183,,
2024-08-06 06:21:28,172,183,,
2024-08-06 06:21:30,172,183,8,-244
2024-08-06 06:21:32,172,183,,
2024-08-06 06:21:34,172,183,,
2024-08-06 06:21:36,181,177,,
2024-08-06 06:21:38,181,177,,
2024-08-06 06:21:40,181,177,,
2024-08-06 06:21:42,181,177,,
2024-08-06 06:21:44,181,177,,
2024-08-06 06:21:46,181,177,,
2024-08-06 06:21:48,181,177,,
2024-08-06 06:21:50,181,177,,
2024-08-06 06:21:52,181,177,,
2024-08-06 06:21:54,181,177,,
2024-08-06 06:21:56,181,177,,
2024-08-06 06:21:58,181,177,,
2024-08-06 06:22:00,181,177,8,-228
2024-08-06 06:22:02,181,177,,
2024-08-06 06:22:04,181,177,,
2024-08-06 06:22:06,180,182,,
2024-08-06 06:22:08,180,182,,
2024-08-06 06:22:10,180,182,,
2024-08-06 06:22:12,180,182,,
2024-08-06 06:22:14,180,182,,
2024-08-06 06:22:16,180,182,,
2024-08-06 06:22:18,180,182,,
2024-08-06 06:22:20,180,182,,
2024-08-06 06:22:22,180,182,,
2024-08-06 06:22:24,180,182,,
2024-08-06 06:22:26,180,182,,
2024-08-06 06:22:28,180,182,,
2024-08-06 06:22:30,180,182,8,-233
2024-08-06 06:22:32,180,182,,
2024-08-06 06:22:34,180,182,,
2024-08-06 06:22:36,180,178,,
2024-08-06 06:22:38,180,178,,
2024-08-06 06:22:40,180,178,,
2024-08-06 06:22:42,180,178,,
2024-08-06 06:22:44,180,178,,
2024-08-06 06:22:46,180,178,,
2024-08-06 06:22:48,180,178,,
2024-08-06 06:22:50,180,178,,
2024-08-06 06:22:52,180,178,,
2024-08-06 06:22:54,180,178,,
2024-08-06 06:22:56,180,178,,
2024-08-06 06:22:58,180,178,,
2024-08-06 06:23:00,180,178,8,-230
2024-08-06 06:23:02,180,178,,
2024-08-06 06:23:04,180,178,,
2024-08-06 06:23:06,180,183,,
2024-08-06 06:23:08,180,183,,
2024-08-06 06:23:10,180,183,,
2024-08-06 06:23:12,180,183,,
2024-08-06 06:23:14,180,183,,
2024-08-06 06:23:16,180,183,,
2024-08-06 06:23:18,180,183,,
2024-08-06 06:23:20,180,183,,
2024-08-06 06:23:22,180,183,,
2024-08-06 06:23:24,180,183,,
2024-08-06 06:23:26,180,183,,
2024-08-06 06:23:28,180,183,,
2024-08-06 06:23:30,180,183,8,-235
2024-08-06 06:23:32,180,183,,
2024-08-06 06:23:34,180,183,,
2024-08-06 06:23:36,180,178,,
2024-08-06 06:23:38,180,178,,
2024-08-06 06:23:40,180,178,,
2024-08-06 06:23:42,180,178,,
2024-08-06 06:23:44,180,178,,
2024-08-06 06:23:46,180,178,,
2024-08-06 06:23:48,180,178,,
2024-08-06 06:23:50,180,178,,
2024-08-06 06:23:52,180,178,,
2024-08-06 06:23:54,180,178,,
2024-08-06 06:23:56,180,178,,
2024-08-06 06:23:58,180,178,,
2024-08-06 06:24:00,180,178,8,-230
2024-08-06 06:24:02,180,178,,
2024-08-06 06:24:04,180,178,,
2024-08-06 06:24:06,179,179,,
2024-08-06 06:24:08,179,179,,
2024-08-06 06:24:10,179,179,,
2024-08-06 06:24:12,179,179,,
2024-08-06 06:24:14,179,179,,
2024-08-06 06:24:16,179,179,,
2024-08-06 06:24:18,179,179,,
2024-08-06 06:24:20,179,179,,
2024-08-06 06:24:22,179,179,,
2024-08-06 06:24:24,179,179,,
2024-08-06 06:24:26,179,179,,
2024-08-06 06:24:28,179,179,,
2024-08-06 06:24:30,179,179,8,-201
2024-08-06 06:24:32,179,179,,
2024-08-06 06:24:34,179,179,,
2024-08-06 06:24:36,178,173,,
2024-08-06 06:24:38,178,173,,
2024-08-06 06:24:40,178,173,,
2024-08-06 06:24:42,178,173,,
2024-08-06 06:24:44,178,173,,
2024-08-06 06:24:46,178,173,,
2024-08-06 06:24:48,178,173,,
2024-08-06 06:24:50,178,173,,
2024-08-06 06:24:52,178,173,,
2024-08-06 06:24:54,178,173,,
2024-08-06 06:24:56,178,173,,
2024-08-06 06:24:58,178,173,,
2024-08-06 06:25:00,178,173,8,-195
2024-08-06 06:25:02,178,173,,
2024-08-06 06:25:04,178,173,,
2024-08-06 06:25:06,177,178,,
2024-08-06 06:25:08,177,178,,
2024-08-06 06:25:10,177,178,,
2024-08-06 06:25:12,177,178,,
2024-08-06 06:25:14,177,178,,
2024-08-06 06:25:16,177,178,,
2024-08-06 06:25:18,177,178,,
2024-08-06 06:25:20,177,178,,
2024-08-06 06:25:22,177,178,,
2024-08-06 06:25:24,177,178,,
2024-08-06 06:25:26,177,178,,
2024-08-06 06:25:28,177,178,,
2024-08-06 06:25:30,177,178,8,-190
2024-08-06 06:25:32,177,178,,
2024-08-06 06:25:34,177,178,,
2024-08-06 06:25:36,178,179,,
2024-08-06 06:25:38,178,179,,
2024-08-06 06:25:40,178,179,,
2024-08-06 06:25:42,178,179,,
2024-08-06 06:25:44,178,179,,
2024-08-06 06:25:46,178,179,,
2024-08-06 06:25:48,178,179,,
2024-08-06 06:25:50,178,179,,
2024-08-06 06:25:52,178,179,,
2024-08-06 06:25:54,178,179,,
2024-08-06 06:25:56,178,179,,
2024-08-06 06:25:58,178,179,,
2024-08-06 06:26:00,178,179,8,-171
2024-08-06 06:26:02,178,179,,
2024-08-06 06:26:04,178,179,,
2024-08-06 06:26:06,176,164,,
2024-08-06 06:26:08,176,164,,
2024-08-06 06:26:10,176,164,,
2024-08-06 06:26:12,176,164,,
2024-08-06 06:26:14,176,164,,
2024-08-06 06:26:16,176,164,,
2024-08-06 06:26:18,176,164,,
2024-08-06 06:26:20,176,164,,
2024-08-06 06:26:22,176,164,,
2024-08-06 06:26:24,176,164,,
2024-08-06 06:26:26,176,164,,
2024-08-06 06:26:28,176,164,,
2024-08-06 06:26:30,176,164,8,-146
2024-08-06 06:26:32,176,164,,
2024-08-06 06:26:34,176,164,,
2024-08-06 06:26:36,156,-0.00000100,,
2024-08-06 06:26:38,156,-0.00000100,,
2024-08-06 06:26:40,156,-0.00000100,,
2024-08-06 06:26:42,156,-0.00000100,,
2024-08-06 06:26:44,156,-0.00000100,,
2024-08-06 06:26:46,156,-0.00000100,,
2024-08-06 06:26:48,156,-0.00000100,,
2024-08-06 06:26:50,156,-0.00000100,,
2024-08-06 06:26:52,156,-0.00000100,,
2024-08-06 06:26:54,156,-0.00000100,,
2024-08-06 06:26:56,156,-0.00000100,,
2024-08-06 06:26:58,156,-0.00000100,,
2024-08-06 06:27:00,156,-0.00000100,8,-1
2024-08-06 06:27:02,156,-0.00000100,,
2024-08-06 06:27:04,156,-0.00000100,,
2024-08-06 06:27:06,156,-0.00000100,,
2024-08-06 06:27:08,156,-0.00000100,,
2024-08-06 06:27:10,156,-0.00000100,,
2024-08-06 06:27:12,156,-0.00000100,,
2024-08-06 06:27:14,156,-0.00000100,,
2024-08-06 06:27:16,156,-0.00000100,,
2024-08-06 06:27:18,156,-0.00000100,,
2024-08-06 06:27:20,156,-0.00000100,,
2024-08-06 06:27:22,156,-0.00000100,,
2024-08-06 06:27:24,156,-0.00000100,,
2024-08-06 06:27:26,156,-0.00000100,,
2024-08-06 06:27:28,156,-0.00000100,,
2024-08-06 06:27:30,156,-0.00000100,8,-1
2024-08-06 06:27:32,156,-0.00000100,,
2024-08-06 06:27:34,156,-0.00000100,,
2024-08-06 06:27:36,0,0,,
2024-08-06 06:27:38,0,0,,
2024-08-06 06:27:40,0,0,,
2024-08-06 06:27:42,0,0,,
2024-08-06 06:27:44,0,0,,
2024-08-06 06:27:46,0,0,,
2024-08-06 06:27:48,0,0,,
2024-08-06 06:27:50,0,0,,
2024-08-06 06:27:52,0,0,,
2024-08-06 06:27:54,0,0,,
2024-08-06 06:27:56,0,0,,
2024-08-06 06:27:58,0,0,,
2024-08-06 06:28:00,0,0,8,-211
2024-08-06 06:28:02,0,0,,
2024-08-06 06:28:04,0,0,,
2024-08-06 06:28:06,0,0,,
2024-08-06 06:28:08,0,0,,
2024-08-06 06:28:10,0,0,,
2024-08-06 06:28:12,0,0,,
2024-08-06 06:28:14,0,0,,
2024-08-06 06:28:16,0,0,,
2024-08-06 06:28:18,0,0,,
2024-08-06 06:28:20,0,0,,
2024-08-06 06:28:22,0,0,,
2024-08-06 06:28:24,0,0,,
2024-08-06 06:28:26,0,0,,
2024-08-06 06:28:28,0,0,,
2024-08-06 06:28:30,0,0,8,-211
2024-08-06 06:28:32,0,0,,
2024-08-06 06:28:34,0,0,,
2024-08-06 06:28:36,0,0,,
2024-08-06 06:28:38,0,0,,
2024-08-06 06:28:40,0,0,,
2024-08-06 06:28:42,0,0,,
2024-08-06 06:28:44,0,0,,
2024-08-06 06:28:46,0,0,,
2024-08-06 06:28:48,0,0,,
2024-08-06 06:28:50,0,0,,
2024-08-06 06:28:52,0,0,,
2024-08-06 06:28:54,0,0,,
2024-08-06 06:28:56,0,0,,
2024-08-06 06:28:58,0,0,,
2024-08-06 06:29:00,0,0,8,-211
2024-08-06 06:29:02,0,0,,
2024-08-06 06:29:04,0,0,,
2024-08-06 06:29:06,0,0,,
2024-08-06 06:29:08,0,0,,
2024-08-06 06:29:10,0,0,,
2024-08-06 06:29:12,0,0,,
2024-08-06 06:29:14,0,0,,
2024-08-06 06:29:16,0,0,,
2024-08-06 06:29:18,0,0,,
2024-08-06 06:29:20,0,0,,
2024-08-06 06:29:22,0,0,,
2024-08-06 06:29:24,0,0,,
2024-08-06 06:29:26,0,0,,
2024-08-06 06:29:28,0,0,,
2024-08-06 06:29:30,0,0,8,-211
2024-08-06 06:29:32,0,0,,
2024-08-06 06:29:34,0,0,,
2024-08-06 06:29:36,0,0,,
2024-08-06 06:29:38,0,0,,
2024-08-06 06:29:40,0,0,,
2024-08-06 06:29:42,0,0,,
2024-08-06 06:29:44,0,0,,
2024-08-06 06:29:46,0,0,,
2024-08-06 06:29:48,0,0,,
2024-08-06 06:29:50,0,0,,
2024-08-06 06:29:52,0,0,,
2024-08-06 06:29:54,0,0,,
2024-08-06 06:29:56,0,0,,
2024-08-06 06:29:58,0,0,,
2024-08-06 06:30:00,0,0,8,-211
2024-08-06 06:30:02,0,0,,
2024-08-06 06:30:04,0,0,,
2024-08-06 06:30:06,0,0,,
2024-08-06 06:30:08,0,0,,
2024-08-06 06:30:10,0,0,,
2024-08-06 06:30:12,0,0,,
2024-08-06 06:30:14,0,0,,
2024-08-06 06:30:16,0,0,,
2024-08-06 06:30:18,0,0,,
2024-08-06 06:30:20,0,0,,
2024-08-06 06:30:22,0,0,,
2024-08-06 06:30:24,0,0,,
2024-08-06 06:30:26,0,0,,
2024-08-06 06:30:28,0,0,,
2024-08-06 06:30:30,0,0,8,-211
2024-08-06 06:30:32,0,0,,
2024-08-06 06:30:34,0,0,,
2024-08-06 06:30:36,0,0,,
2024-08-06 06:30:38,0,0,,
2024-08-06 06:30:40,0,0,,
2024-08-06 06:30:42,0,0,,
2024-08-06 06:30:44,0,0,,
2024-08-06 06:30:46,0,0,,
2024-08-06 06:30:48,0,0,,
2024-08-06 06:30:50,0,0,,
2024-08-06 06:30:52,0,0,,
2024-08-06 06:30:54,0,0,,
2024-08-06 06:30:56,0,0,,
2024-08-06 06:30:58,0,0,,
2024-08-06 06:31:00,0,0,8,-211
2024-08-06 06:31:02,0,0,,
2024-08-06 06:31:04,0,0,,
2024-08-06 06:31:06,0,0,,
2024-08-06 06:31:08,0,0,,
2024-08-06 06:31:10,0,0,,
2024-08-06 06:31:12,0,0,,
2024-08-06 06:31:14,0,0,,
2024-08-06 06:31:16,0,0,,
2024-08-06 06:31:18,0,0,,
2024-08-06 06:31:20,0,0,,
2024-08-06 06:31:22,0,0,,
2024-08-06 06:31:24,0,0,,
2024-08-06 06:31:26,0,0,,
2024-08-06 06:31:28,0,0,,
2024-08-06 06:31:30,0,0,8,-211
2024-08-06 06:31:32,0,0,,
2024-08-06 06:31:34,0,0,,
2024-08-06 06:31:36,0,0,,
2024-08-06 06:31:38,0,0,,
2024-08-06 06:31:40,0,0,,
2024-08-06 06:31:42,0,0,,
2024-08-06 06:31:44,0,0,,
2024-08-06 06:31:46,0,0,,
2024-08-06 06:31:48,0,0,,
2024-08-06 06:31:50,0,0,,
2024-08-06 06:31:52,0,0,,
2024-08-06 06:31:54,0,0,,
2024-08-06 06:31:56,0,0,,
2024-08-06 06:31:58,0,0,,
2024-08-06 06:32:00,0,0,8,-211
2024-08-06 06:32:02,0,0,,
2024-08-06 06:32:04,0,0,,
2024-08-06 06:32:06,0,0,,
2024-08-06 06:32:08,0,0,,
2024-08-06 06:32:10,0,0,,
2024-08-06 06:32:12,0,0,,
2024-08-06 06:32:14,0,0,,
2024-08-06 06:32:16,0,0,,
2024-08-06 06:32:18,0,0,,
2024-08-06 06:32:20,0,0,,
2024-08-06 06:32:22,0,0,,
2024-08-06 06:32:24,0,0,,
2024-08-06 06:32:26,0,0,,
2024-08-06 06:32:28,0,0,,
2024-08-06 06:32:30,0,0,8,-211
2024-08-06 06:32:32,0,0,,
2024-08-06 06:32:34,0,0,,
2024-08-06 06:32:36,0,0,,
2024-08-06 06:32:38,0,0,,
2024-08-06 06:32:40,0,0,,
2024-08-06 06:32:42,0,0,,
2024-08-06 06:32:44,0,0,,
2024-08-06 06:32:46,0,0,,
2024-08-06 06:32:48,0,0,,
2024-08-06 06:32:50,0,0,,
2024-08-06 06:32:52,0,0,,
2024-08-06 06:32:54,0,0,,
2024-08-06 06:32:56,0,0,,
2024-08-06 06:32:58,0,0,,
2024-08-06 06:33:00,0,0,8,-211
2024-08-06 06:33:02,0,0,,
2024-08-06 06:33:04,0,0,,
2024-08-06 06:33:06,0,0,,
2024-08-06 06:33:08,0,0,,
2024-08-06 06:33:10,0,0,,
2024-08-06 06:33:12,0,0,,
2024-08-06 06:33:14,0,0,,
2024-08-06 06:33:16,0,0,,
2024-08-06 06:33:18,0,0,,
2024-08-06 06:33:20,0,0,,
2024-08-06 06:33:22,0,0,,
2024-08-06 06:33:24,0,0,,
2024-08-06 06:33:26,0,0,,
2024-08-06 06:33:28,0,0,,
2024-08-06 06:33:30,0,0,8,-211
2024-08-06 06:33:32,0,0,,
2024-08-06 06:33:34,0,0,,
2024-08-06 06:33:36,0,0,,
2024-08-06 06:33:38,0,0,,
2024-08-06 06:33:40,0,0,,
2024-08-06 06:33:42,0,0,,
2024-08-06 06:33:44,0,0,,
2024-08-06 06:33:46,0,0,,
2024-08-06 06:33:48,0,0,,
2024-08-06 06:33:50,0,0,,
2024-08-06 06:33:52,0,0,,
2024-08-06 06:33:54,0,0,,
2024-08-06 06:33:56,0,0,,
2024-08-06 06:33:58,0,0,,
2024-08-06 06:34:00,0,0,8,-211
2024-08-06 06:34:02,0,0,,
2024-08-06 06:34:04,0,0,,
2024-08-06 06:34:06,0,0,,
2024-08-06 06:34:08,0,0,,
2024-08-06 06:34:10,0,0,,
2024-08-06 06:34:12,0,0,,
2024-08-06 06:34:14,0,0,,
2024-08-06 06:34:16,0,0,,
2024-08-06 06:34:18,0,0,,
2024-08-06 06:34:20,0,0,,
2024-08-06 06:34:22,0,0,,
2024-08-06 06:34:24,0,0,,
2024-08-06 06:34:26,0,0,,
2024-08-06 06:34:28,0,0,,
2024-08-06 06:34:30,0,0,8,-211
2024-08-06 06:34:32,0,0,,
2024-08-06 06:34:34,0,0,,
2024-08-06 06:34:36,35.5,63.8,,
2024-08-06 06:34:38,35.5,63.8,,
2024-08-06 06:34:40,35.5,63.8,,
2024-08-06 06:34:42,35.5,63.8,,
2024-08-06 06:34:44,35.5,63.8,,
2024-08-06 06:34:46,35.5,63.8,,
2024-08-06 06:34:48,35.5,63.8,,
2024-08-06 06:34:50,35.5,63.8,,
2024-08-06 06:34:52,35.5,63.8,,
2024-08-06 06:34:54,35.5,63.8,,
2024-08-06 06:34:56,35.5,63.8,,
2024-08-06 06:34:58,35.5,63.8,,
2024-08-06 06:35:00,35.5,63.8,8,-225
2024-08-06 06:35:02,35.5,63.8,,
2024-08-06 06:35:04,35.5,63.8,,
2024-08-06 06:35:06,98.5,192,,
2024-08-06 06:35:08,98.5,192,,
2024-08-06 06:35:10,98.5,192,,
2024-08-06 06:35:12,98.5,192,,
2024-08-06 06:35:14,98.5,192,,
2024-08-06 06:35:16,98.5,192,,
2024-08-06 06:35:18,98.5,192,,
2024-08-06 06:35:20,98.5,192,,
2024-08-06 06:35:22,98.5,192,,
2024-08-06 06:35:24,98.5,192,,
2024-08-06 06:35:26,98.5,192,,
2024-08-06 06:35:28,98.5,192,,
2024-08-06 06:35:30,98.5,192,8,-314
2024-08-06 06:35:32,98.5,192,,
2024-08-06 06:35:34,98.5,192,,
2024-08-06 06:35:36,205,323,,
2024-08-06 06:35:38,205,323,,
2024-08-06 06:35:40,205,323,,
2024-08-06 06:35:42,205,323,,
2024-08-06 06:35:44,205,323,,
2024-08-06 06:35:46,205,323,,
2024-08-06 06:35:48,205,323,,
2024-08-06 06:35:50,205,323,,
2024-08-06 06:35:52,205,323,,
2024-08-06 06:35:54,205,323,,
2024-08-06 06:35:56,205,323,,
2024-08-06 06:35:58,205,323,,
2024-08-06 06:36:00,205,323,8,-424
2024-08-06 06:36:02,205,323,,
2024-08-06 06:36:04,205,323,,
2024-08-06 06:36:06,323,382,,
2024-08-06 06:36:08,323,382,,
2024-08-06 06:36:10,323,382,,
2024-08-06 06:36:12,323,382,,
2024-08-06 06:36:14,323,382,,
2024-08-06 06:36:16,323,382,,
2024-08-06 06:36:18,323,382,,
2024-08-06 06:36:20,323,382,,
2024-08-06 06:36:22,323,382,,
2024-08-06 06:36:24,323,382,,
2024-08-06 06:36:26,323,382,,
2024-08-06 06:36:28,323,382,,
2024-08-06 06:36:30,323,382,8,-484
2024-08-06 06:36:32,323,382,,
2024-08-06 06:36:34,323,382,,
2024-08-06 06:36:36,379,383,,
2024-08-06 06:36:38,379,383,,
2024-08-06 06:36:40,379,383,,
2024-08-06 06:36:42,379,383,,
2024-08-06 06:36:44,379,383,,
2024-08-06 06:36:46,379,383,,
2024-08-06 06:36:48,379,383,,
2024-08-06 06:36:50,379,383,,
2024-08-06 06:36:52,379,383,,
2024-08-06 06:36:54,379,383,,
2024-08-06 06:36:56,379,383,,
2024-08-06 06:36:58,379,383,,
2024-08-06 06:37:00,379,383,8,-464
2024-08-06 06:37:02,379,383,,
2024-08-06 06:37:04,379,383,,
2024-08-06 06:37:06,382,382,,
2024-08-06 06:37:08,382,382,,
2024-08-06 06:37:10,382,382,,
2024-08-06 06:37:12,382,382,,
2024-08-06 06:37:14,382,382,,
2024-08-06 06:37:16,382,382,,
2024-08-06 06:37:18,382,382,,
2024-08-06 06:37:20,382,382,,
2024-08-06 06:37:22,382,382,,
2024-08-06 06:37:24,382,382,,
2024-08-06 06:37:26,382,382,,
2024-08-06 06:37:28,382,382,,
2024-08-06 06:37:30,382,382,8,-453
2024-08-06 06:37:32,382,382,,
2024-08-06 06:37:34,382,382,,
2024-08-06 06:37:36,382,382,,
2024-08-06 06:37:38,382,382,,
2024-08-06 06:37:40,382,382,,
2024-08-06 06:37:42,382,382,,
2024-08-06 06:37:44,382,382,,
2024-08-06 06:37:46,382,382,,
2024-08-06 06:37:48,382,382,,
2024-08-06 06:37:50,382,382,,
2024-08-06 06:37:52,382,382,,
2024-08-06 06:37:54,382,382,,
2024-08-06 06:37:56,382,382,,
2024-08-06 06:37:58,382,382,,
2024-08-06 06:38:00,382,382,8,-453
2024-08-06 06:38:02,382,382,,
2024-08-06 06:38:04,382,382,,
2024-08-06 06:38:06,382,382,,
2024-08-06 06:38:08,382,382,,
2024-08-06 06:38:10,382,382,,
2024-08-06 06:38:12,382,382,,
2024-08-06 06:38:14,382,382,,
2024-08-06 06:38:16,382,382,,
2024-08-06 06:38:18,382,382,,
2024-08-06 06:38:20,382,382,,
2024-08-06 06:38:22,382,382,,
2024-08-06 06:38:24,382,382,,
2024-08-06 06:38:26,382,382,,
2024-08-06 06:38:28,382,382,,
2024-08-06 06:38:30,382,382,8,-453
2024-08-06 06:38:32,382,382,,
2024-08-06 06:38:34,382,382,,
2024-08-06 06:38:36,382,382,,
2024-08-06 06:38:38,382,382,,
2024-08-06 06:38:40,382,382,,
2024-08-06 06:38:42,382,382,,
2024-08-06 06:38:44,382,382,,
2024-08-06 06:38:46,382,382,,
2024-08-06 06:38:48,382,382,,
2024-08-06 06:38:50,382,382,,
2024-08-06 06:38:52,382,382,,
2024-08-06 06:38:54,382,382,,
2024-08-06 06:38:56,382,382,,
2024-08-06 06:38:58,382,382,,
2024-08-06 06:39:00,382,382,8,-453
2024-08-06 06:39:02,382,382,,
2024-08-06 06:39:04,382,382,,
2024-08-06 06:39:06,382,382,,
2024-08-06 06:39:08,382,382,,
2024-08-06 06:39:10,382,382,,
2024-08-06 06:39:12,382,382,,
2024-08-06 06:39:14,382,382,,
2024-08-06 06:39:16,382,382,,
2024-08-06 06:39:18,382,382,,
2024-08-06 06:39:20,382,382,,
2024-08-06 06:39:22,382,382,,
2024-08-06 06:39:24,382,382,,
2024-08-06 06:39:26,382,382,,
2024-08-06 06:39:28,382,382,,
2024-08-06 06:39:30,382,382,8,-453
2024-08-06 06:39:32,382,382,,
2024-08-06 06:39:34,382,382,,
2024-08-06 06:39:36,382,382,,
2024-08-06 06:39:38,382,382,,
2024-08-06 06:39:40,382,382,,
2024-08-06 06:39:42,382,382,,
2024-08-06 06:39:44,382,382,,
2024-08-06 06:39:46,382,382,,
2024-08-06 06:39:48,382,382,,
2024-08-06 06:39:50,382,382,,
2024-08-06 06:39:52,382,382,,
2024-08-06 06:39:54,382,382,,
2024-08-06 06:39:56,382,382,,
2024-08-06 06:39:58,382,382,,
2024-08-06 06:40:00,382,382,8,-453
2024-08-06 06:40:02,382,382,,
2024-08-06 06:40:04,382,382,,
2024-08-06 06:40:06,382,382,,
2024-08-06 06:40:08,382,382,,
2024-08-06 06:40:10,382,382,,
2024-08-06 06:40:12,382,382,,
2024-08-06 06:40:14,382,382,,
2024-08-06 06:40:16,382,382,,
2024-08-06 06:40:18,382,382,,
2024-08-06 06:40:20,382,382,,
2024-08-06 06:40:22,382,382,,
2024-08-06 06:40:24,382,382,,
2024-08-06 06:40:26,382,382,,
2024-08-06 06:40:28,382,382,,
2024-08-06 06:40:30,382,382,8,-453
2024-08-06 06:40:32,382,382,,
2024-08-06 06:40:34,382,382,,
2024-08-06 06:40:36,382,382,,
2024-08-06 06:40:38,382,382,,
2024-08-06 06:40:40,382,382,,
2024-08-06 06:40:42,382,382,,
2024-08-06 06:40:44,382,382,,
2024-08-06 06:40:46,382,382,,
2024-08-06 06:40:48,382,382,,
2024-08-06 06:40:50,382,382,,
2024-08-06 06:40:52,382,382,,
2024-08-06 06:40:54,382,382,,
2024-08-06 06:40:56,382,382,,
2024-08-06 06:40:58,382,382,,
2024-08-06 06:41:00,382,382,8,-453
2024-08-06 06:41:02,382,382,,
2024-08-06 06:41:04,382,382,,
2024-08-06 06:41:06,382,382,,
2024-08-06 06:41:08,382,382,,
2024-08-06 06:41:10,382,382,,
2024-08-06 06:41:12,382,382,,
2024-08-06 06:41:14,382,382,,
2024-08-06 06:41:16,382,382,,
2024-08-06 06:41:18,382,382,,
2024-08-06 06:41:20,382,382,,
2024-08-06 06:41:22,382,382,,
2024-08-06 06:41:24,382,382,,
2024-08-06 06:41:26,382,382,,
2024-08-06 06:41:28,218,0,,
2024-08-06 06:41:30,218,0,8,-211
2024-08-06 06:41:32,218,0,,
2024-08-06 06:41:34,218,0,,
2024-08-06 06:41:36,218,0,,
2024-08-06 06:41:38,218,0,,
2024-08-06 06:41:40,218,0,,
2024-08-06 06:41:42,195,0,,
2024-08-06 06:41:44,195,0,,
2024-08-06 06:41:46,195,0,,
2024-08-06 06:41:48,195,0,,
2024-08-06 06:41:50,195,0,,
2024-08-06 06:41:52,195,0,,
2024-08-06 06:41:54,195,0,,
2024-08-06 06:41:56,195,0,,
2024-08-06 06:41:58,195,0,,
2024-08-06 06:42:00,195,0,8,-211
2024-08-06 06:42:02,195,0,,
2024-08-06 06:42:04,195,0,,
2024-08-06 06:42:06,275,0,,
2024-08-06 06:42:08,275,0,,
2024-08-06 06:42:10,275,0,,
2024-08-06 06:42:12,275,0,,
2024-08-06 06:42:14,275,0,,
2024-08-06 06:42:16,275,0,,
2024-08-06 06:42:18,275,0,,
2024-08-06 06:42:20,275,0,,
2024-08-06 06:42:22,275,0,,
2024-08-06 06:42:24,275,0,,
2024-08-06 06:42:26,275,0,,
2024-08-06 06:42:28,275,0,,
2024-08-06 06:42:30,275,0,8,-211
2024-08-06 06:42:32,275,0,,
2024-08-06 06:42:34,275,0,,
2024-08-06 06:42:36,21.0,0,,
2024-08-06 06:42:38,21.0,0,,
2024-08-06 06:42:40,21.0,0,,
2024-08-06 06:42:42,21.0,0,,
2024-08-06 06:42:44,21.0,0,,
2024-08-06 06:42:46,21.0,0,,
2024-08-06 06:42:48,21.0,0,,
2024-08-06 06:42:50,21.0,0,,
2024-08-06 06:42:52,21.0,0,,
2024-08-06 06:42:54,21.0,0,,
2024-08-06 06:42:56,21.0,0,,
2024-08-06 06:42:58,21.0,0,,
2024-08-06 06:43:00,21.0,0,8,-211
2024-08-06 06:43:02,21.0,0,,
2024-08-06 06:43:04,21.0,0,,
2024-08-06 06:43:06,21.0,0,,
2024-08-06 06:43:08,21.0,0,,
2024-08-06 06:43:10,21.0,0,,
2024-08-06 06:43:12,21.0,0,,
2024-08-06 06:43:14,21.0,0,,
2024-08-06 06:43:16,21.0,0,,
2024-08-06 06:43:18,21.0,0,,
2024-08-06 06:43:20,21.0,0,,
2024-08-06 06:43:22,21.0,0,,
2024-08-06 06:43:24,21.0,0,,
2024-08-06 06:43:26,21.0,0,,
2024-08-06 06:43:28,21.0,0,,
2024-08-06 06:43:30,21.0,0,8,-211
2024-08-06 06:43:32,21.0,0,,
2024-08-06 06:43:34,21.0,0,,
2024-08-06 06:43:36,21.0,0,,
2024-08-06 06:43:38,21.0,0,,
2024-08-06 06:43:40,21.0,0,,
2024-08-06 06:43:42,21.0,0,,
2024-08-06 06:43:44,21.0,0,,
2024-08-06 06:43:46,21.0,0,,
2024-08-06 06:43:48,21.0,0,,
2024-08-06 06:43:50,21.0,0,,
2024-08-06 06:43:52,21.0,0,,
2024-08-06 06:43:54,21.0,0,,
2024-08-06 06:43:56,21.0,0,,
2024-08-06 06:43:58,21.0,0,,
2024-08-06 06:44:00,21.0,0,8,-211
2024-08-06 06:44:02,21.0,0,,
2024-08-06 06:44:04,21.0,0,,
2024-08-06 06:45:40,21.0,0,,
2024-08-06 06:45:42,21.0,0,,
2024-08-06 06:45:44,21.0,0,,
2024-08-06 06:45:46,21.0,0,,
2024-08-06 06:45:48,21.0,0,,
2024-08-06 06:45:50,21.0,0,,
2024-08-06 06:45:52,21.0,0,,
2024-08-06 06:45:54,21.0,0,,
2024-08-06 06:45:56,21.0,0,,
2024-08-06 06:45:58,21.0,0,,
2024-08-06 06:46:00,21.0,0,8,-211
2024-08-06 06:46:02,21.0,0,,
2024-08-06 06:46:04,21.0,0,,
2024-08-06 06:46:06,21.0,0,,
2024-08-06 06:46:08,21.0,0,,
2024-08-06 06:46:10,21.0,0,,
2024-08-06 06:46:12,21.0,0,,
2024-08-06 06:46:14,21.0,0,,
2024-08-06 06:46:16,21.0,0,,
2024-08-06 06:46:18,21.0,0,,
2024-08-06 06:46:20,21.0,0,,
2024-08-06 06:46:22,21.0,0,,
2024-08-06 06:46:24,21.0,0,,
2024-08-06 06:46:26,21.0,0,,
2024-08-06 06:46:28,21.0,0,,
2024-08-06 06:46:30,21.0,0,8,-211
2024-08-06 06:46:32,21.0,0,,
2024-08-06 06:46:34,21.0,0,,
2024-08-06 06:46:36,21.0,0,,
2024-08-06 06:46:38,21.0,0,,
2024-08-06 06:46:40,21.0,0,,
2024-08-06 06:46:42,21.0,0,,
2024-08-06 06:46:44,21.0,0,,
2024-08-06 06:46:46,21.0,0,,
2024-08-06 06:46:48,21.0,0,,
2024-08-06 06:46:50,21.0,0,,
2024-08-06 06:46:52,21.0,0,,
2024-08-06 06:46:54,21.0,0,,
2024-08-06 06:46:56,21.0,0,,
2024-08-06 06:46:58,21.0,0,,
2024-08-06 06:47:00,21.0,0,8,-211
2024-08-06 06:47:02,21.0,0,,
2024-08-06 06:47:04,21.0,0,,