"Time","Request Concurrency"
2024-08-06 05:55:42,18.0
2024-08-06 05:55:44,18.0
2024-08-06 05:55:46,18.0
2024-08-06 05:55:48,18.0
2024-08-06 05:55:50,18.0
2024-08-06 05:55:52,18.0
2024-08-06 05:55:54,18.0
2024-08-06 05:55:56,18.0
2024-08-06 05:55:58,18.0
2024-08-06 05:56:00,18.0
2024-08-06 05:56:02,18.0
2024-08-06 05:56:04,18.0
2024-08-06 05:56:06,18.0
2024-08-06 05:56:08,18.0
2024-08-06 05:56:10,18.0
2024-08-06 05:56:12,36.4
2024-08-06 05:56:14,36.4
2024-08-06 05:56:16,36.4
2024-08-06 05:56:18,36.4
2024-08-06 05:56:20,36.4
2024-08-06 05:56:22,36.4
2024-08-06 05:56:24,36.4
2024-08-06 05:56:26,36.4
2024-08-06 05:56:28,36.4
2024-08-06 05:56:30,36.4
2024-08-06 05:56:32,36.4
2024-08-06 05:56:34,36.4
2024-08-06 05:56:36,36.4
2024-08-06 05:56:38,36.4
2024-08-06 05:56:40,36.4
2024-08-06 05:56:42,36.9
2024-08-06 05:56:44,36.9
2024-08-06 05:56:46,36.9
2024-08-06 05:56:48,36.9
2024-08-06 05:56:50,36.9
2024-08-06 05:56:52,36.9
2024-08-06 05:56:54,36.9
2024-08-06 05:56:56,36.9
2024-08-06 05:56:58,36.9
2024-08-06 05:57:00,36.9
2024-08-06 05:57:02,36.9
2024-08-06 05:57:04,36.9
2024-08-06 05:57:06,36.9
2024-08-06 05:57:08,36.9
2024-08-06 05:57:10,36.9
2024-08-06 05:57:12,38.5
2024-08-06 05:57:14,38.5
2024-08-06 05:57:16,38.5
2024-08-06 05:57:18,38.5
2024-08-06 05:57:20,38.5
2024-08-06 05:57:22,38.5
2024-08-06 05:57:24,38.5
2024-08-06 05:57:26,38.5
2024-08-06 05:57:28,38.5
2024-08-06 05:57:30,38.5
2024-08-06 05:57:32,38.5
2024-08-06 05:57:34,38.5
2024-08-06 05:57:36,38.5
2024-08-06 05:57:38,38.5
2024-08-06 05:57:40,38.5
2024-08-06 05:57:42,17.6
2024-08-06 05:57:44,17.6
2024-08-06 05:57:46,17.6
2024-08-06 05:57:48,17.6
2024-08-06 05:57:50,17.6
2024-08-06 05:57:52,17.6
2024-08-06 05:57:54,17.6
2024-08-06 05:57:56,17.6
2024-08-06 05:57:58,17.6
2024-08-06 05:58:00,17.6
2024-08-06 05:58:02,17.6
2024-08-06 05:58:04,17.6
2024-08-06 05:58:06,17.6
2024-08-06 05:58:08,17.6
2024-08-06 05:58:10,17.6
2024-08-06 05:58:12,37.7
2024-08-06 05:58:14,37.7
2024-08-06 05:58:16,37.7
2024-08-06 05:58:18,37.7
2024-08-06 05:58:20,37.7
2024-08-06 05:58:22,37.7
2024-08-06 05:58:24,37.7
2024-08-06 05:58:26,37.7
2024-08-06 05:58:28,37.7
2024-08-06 05:58:30,37.7
2024-08-06 05:58:32,37.7
2024-08-06 05:58:34,37.7
2024-08-06 05:58:36,37.7
2024-08-06 05:58:38,37.7
2024-08-06 05:58:40,37.7
2024-08-06 05:58:42,37.2
2024-08-06 05:58:44,37.2
2024-08-06 05:58:46,37.2
2024-08-06 05:58:48,37.2
2024-08-06 05:58:50,37.2
2024-08-06 05:58:52,37.2
2024-08-06 05:58:54,37.2
2024-08-06 05:58:56,37.2
2024-08-06 05:58:58,37.2
2024-08-06 05:59:00,37.2
2024-08-06 05:59:02,37.2
2024-08-06 05:59:04,37.2
2024-08-06 05:59:06,37.2
2024-08-06 05:59:08,37.2
2024-08-06 05:59:10,37.2
2024-08-06 05:59:12,37.9
2024-08-06 05:59:14,37.9
2024-08-06 05:59:16,37.9
2024-08-06 05:59:18,37.9
2024-08-06 05:59:20,37.9
2024-08-06 05:59:22,37.9
2024-08-06 05:59:24,37.9
2024-08-06 05:59:26,37.9
2024-08-06 05:59:28,37.9
2024-08-06 05:59:30,37.9
2024-08-06 05:59:32,37.9
2024-08-06 05:59:34,37.9
2024-08-06 05:59:36,37.9
2024-08-06 05:59:38,37.9
2024-08-06 05:59:40,37.9
2024-08-06 05:59:42,36.9
2024-08-06 05:59:44,36.9
2024-08-06 05:59:46,36.9
2024-08-06 05:59:48,36.9
2024-08-06 05:59:50,36.9
2024-08-06 05:59:52,36.9
2024-08-06 05:59:54,36.9
2024-08-06 05:59:56,36.9
2024-08-06 05:59:58,36.9
2024-08-06 06:00:00,36.9
2024-08-06 06:00:02,36.9
2024-08-06 06:00:04,36.9
2024-08-06 06:00:06,36.9
2024-08-06 06:00:08,36.9
2024-08-06 06:00:10,36.9
2024-08-06 06:00:12,39.3
2024-08-06 06:00:14,39.3
2024-08-06 06:00:16,39.3
2024-08-06 06:00:18,39.3
2024-08-06 06:00:20,39.3
2024-08-06 06:00:22,39.3
2024-08-06 06:00:24,39.3
2024-08-06 06:00:26,39.3
2024-08-06 06:00:28,39.3
2024-08-06 06:00:30,39.3
2024-08-06 06:00:32,39.3
2024-08-06 06:00:34,39.3
2024-08-06 06:00:36,39.3
2024-08-06 06:00:38,39.3
2024-08-06 06:00:40,39.3
2024-08-06 06:00:42,38.4
2024-08-06 06:00:44,38.4
2024-08-06 06:00:46,38.4
2024-08-06 06:00:48,38.4
2024-08-06 06:00:50,38.4
2024-08-06 06:00:52,38.4
2024-08-06 06:00:54,38.4
2024-08-06 06:00:56,38.4
2024-08-06 06:00:58,38.4
2024-08-06 06:01:00,38.4
2024-08-06 06:01:02,38.4
2024-08-06 06:01:04,38.4
2024-08-06 06:01:06,38.4
2024-08-06 06:01:08,38.4
2024-08-06 06:01:10,38.4
2024-08-06 06:01:12,35.1
2024-08-06 06:01:14,35.1
2024-08-06 06:01:16,35.1
2024-08-06 06:01:18,35.1
2024-08-06 06:01:20,35.1
2024-08-06 06:01:22,35.1
2024-08-06 06:01:24,35.1
2024-08-06 06:01:26,35.1
2024-08-06 06:01:28,35.1
2024-08-06 06:01:30,35.1
2024-08-06 06:01:32,35.1
2024-08-06 06:01:34,35.1
2024-08-06 06:01:36,35.1
2024-08-06 06:01:38,35.1
2024-08-06 06:01:40,35.1
2024-08-06 06:01:42,37.7
2024-08-06 06:01:44,37.7
2024-08-06 06:01:46,37.7
2024-08-06 06:01:48,37.7
2024-08-06 06:01:50,37.7
2024-08-06 06:01:52,37.7
2024-08-06 06:01:54,37.7
2024-08-06 06:01:56,37.7
2024-08-06 06:01:58,37.7
2024-08-06 06:02:00,37.7
2024-08-06 06:02:02,37.7
2024-08-06 06:02:04,37.7
2024-08-06 06:02:06,37.7
2024-08-06 06:02:08,37.7
2024-08-06 06:02:10,37.7
2024-08-06 06:02:12,34.5
2024-08-06 06:02:14,34.5
2024-08-06 06:02:16,34.5
2024-08-06 06:02:18,34.5
2024-08-06 06:02:20,34.5
2024-08-06 06:02:22,34.5
2024-08-06 06:02:24,34.5
2024-08-06 06:02:26,34.5
2024-08-06 06:02:28,34.5
2024-08-06 06:02:30,34.5
2024-08-06 06:02:32,34.5
2024-08-06 06:02:34,34.5
2024-08-06 06:02:36,34.5
2024-08-06 06:02:38,34.5
2024-08-06 06:02:40,34.5
2024-08-06 06:02:42,0
2024-08-06 06:02:44,0
2024-08-06 06:02:46,0
2024-08-06 06:02:48,0
2024-08-06 06:02:50,0
2024-08-06 06:02:52,0
2024-08-06 06:02:54,0
2024-08-06 06:02:56,0
2024-08-06 06:02:58,0
2024-08-06 06:03:00,0
2024-08-06 06:03:02,0
2024-08-06 06:03:04,0
2024-08-06 06:03:06,0
2024-08-06 06:03:08,0
2024-08-06 06:03:10,0
2024-08-06 06:03:12,0
2024-08-06 06:03:14,0
2024-08-06 06:03:16,0
2024-08-06 06:03:18,0
2024-08-06 06:03:20,0
2024-08-06 06:03:22,0
2024-08-06 06:03:24,0
2024-08-06 06:03:26,0
2024-08-06 06:03:28,0
2024-08-06 06:03:30,0
2024-08-06 06:03:32,0
2024-08-06 06:03:34,0
2024-08-06 06:03:36,0
2024-08-06 06:03:38,0
2024-08-06 06:03:40,0
2024-08-06 06:03:42,0
2024-08-06 06:03:44,0
2024-08-06 06:03:46,0
2024-08-06 06:03:48,0
2024-08-06 06:03:50,0
2024-08-06 06:03:52,0
2024-08-06 06:03:54,0
2024-08-06 06:03:56,0
2024-08-06 06:03:58,0
2024-08-06 06:04:00,0
2024-08-06 06:04:02,0
2024-08-06 06:04:04,0
2024-08-06 06:04:06,0
2024-08-06 06:04:08,0
2024-08-06 06:04:10,0
2024-08-06 06:04:12,0
2024-08-06 06:04:14,0
2024-08-06 06:04:16,0
2024-08-06 06:04:18,0
2024-08-06 06:04:20,0
2024-08-06 06:04:22,0
2024-08-06 06:04:24,0
2024-08-06 06:04:26,0
2024-08-06 06:04:28,0
2024-08-06 06:04:30,0
2024-08-06 06:04:32,0
2024-08-06 06:04:34,0
2024-08-06 06:04:36,0
2024-08-06 06:04:38,0
2024-08-06 06:04:40,0
2024-08-06 06:04:42,0
2024-08-06 06:04:44,0
2024-08-06 06:04:46,0
2024-08-06 06:04:48,0
2024-08-06 06:04:50,0
2024-08-06 06:04:52,0
2024-08-06 06:04:54,0
2024-08-06 06:04:56,0
2024-08-06 06:04:58,0
2024-08-06 06:05:00,0
2024-08-06 06:05:02,0
2024-08-06 06:05:04,0
2024-08-06 06:05:06,0
2024-08-06 06:05:08,0
2024-08-06 06:05:10,0
2024-08-06 06:05:12,0
2024-08-06 06:05:14,0
2024-08-06 06:05:16,0
2024-08-06 06:05:18,0
2024-08-06 06:05:20,0
2024-08-06 06:05:22,0
2024-08-06 06:05:24,0
2024-08-06 06:05:26,0
2024-08-06 06:05:28,0
2024-08-06 06:05:30,0
2024-08-06 06:05:32,0
2024-08-06 06:05:34,0
2024-08-06 06:05:36,0
2024-08-06 06:05:38,0
2024-08-06 06:05:40,0
2024-08-06 06:05:42,0
2024-08-06 06:05:44,0
2024-08-06 06:05:46,0
2024-08-06 06:05:48,0
2024-08-06 06:05:50,0
2024-08-06 06:05:52,0
2024-08-06 06:05:54,0
2024-08-06 06:05:56,0
2024-08-06 06:05:58,0
2024-08-06 06:06:00,0
2024-08-06 06:06:02,0
2024-08-06 06:06:04,0
2024-08-06 06:06:06,0
2024-08-06 06:06:08,0
2024-08-06 06:06:10,0
2024-08-06 06:06:12,71.7
2024-08-06 06:06:14,71.7
2024-08-06 06:06:16,71.7
2024-08-06 06:06:18,71.7
2024-08-06 06:06:20,71.7
2024-08-06 06:06:22,71.7
2024-08-06 06:06:24,71.7
2024-08-06 06:06:26,71.7
2024-08-06 06:06:28,71.7
2024-08-06 06:06:30,71.7
2024-08-06 06:06:32,71.7
2024-08-06 06:06:34,71.7
2024-08-06 06:06:36,71.7
2024-08-06 06:06:38,71.7
2024-08-06 06:06:40,71.7
2024-08-06 06:06:42,82.5
2024-08-06 06:06:44,82.5
2024-08-06 06:06:46,82.5
2024-08-06 06:06:48,82.5
2024-08-06 06:06:50,82.5
2024-08-06 06:06:52,82.5
2024-08-06 06:06:54,82.5
2024-08-06 06:06:56,82.5
2024-08-06 06:06:58,82.5
2024-08-06 06:07:00,82.5
2024-08-06 06:07:02,82.5
2024-08-06 06:07:04,82.5
2024-08-06 06:07:06,82.5
2024-08-06 06:07:08,82.5
2024-08-06 06:07:10,82.5
2024-08-06 06:07:12,83.7
2024-08-06 06:07:14,83.7
2024-08-06 06:07:16,83.7
2024-08-06 06:07:18,83.7
2024-08-06 06:07:20,83.7
2024-08-06 06:07:22,83.7
2024-08-06 06:07:24,83.7
2024-08-06 06:07:26,83.7
2024-08-06 06:07:28,83.7
2024-08-06 06:07:30,83.7
2024-08-06 06:07:32,83.7
2024-08-06 06:07:34,83.7
2024-08-06 06:07:36,83.7
2024-08-06 06:07:38,83.7
2024-08-06 06:07:40,83.7
2024-08-06 06:07:42,83.0
2024-08-06 06:07:44,83.0
2024-08-06 06:07:46,83.0
2024-08-06 06:07:48,83.0
2024-08-06 06:07:50,83.0
2024-08-06 06:07:52,83.0
2024-08-06 06:07:54,83.0
2024-08-06 06:07:56,83.0
2024-08-06 06:07:58,83.0
2024-08-06 06:08:00,83.0
2024-08-06 06:08:02,83.0
2024-08-06 06:08:04,83.0
2024-08-06 06:08:06,83.0
2024-08-06 06:08:08,83.0
2024-08-06 06:08:10,83.0
2024-08-06 06:08:12,79.1
2024-08-06 06:08:14,79.1
2024-08-06 06:08:16,79.1
2024-08-06 06:08:18,79.1
2024-08-06 06:08:20,79.1
2024-08-06 06:08:22,79.1
2024-08-06 06:08:24,79.1
2024-08-06 06:08:26,79.1
2024-08-06 06:08:28,79.1
2024-08-06 06:08:30,79.1
2024-08-06 06:08:32,79.1
2024-08-06 06:08:34,79.1
2024-08-06 06:08:36,79.1
2024-08-06 06:08:38,79.1
2024-08-06 06:08:40,79.1
2024-08-06 06:08:42,76.7
2024-08-06 06:08:44,76.7
2024-08-06 06:08:46,76.7
2024-08-06 06:08:48,76.7
2024-08-06 06:08:50,76.7
2024-08-06 06:08:52,76.7
2024-08-06 06:08:54,76.7
2024-08-06 06:08:56,76.7
2024-08-06 06:08:58,76.7
2024-08-06 06:09:00,76.7
2024-08-06 06:09:02,76.7
2024-08-06 06:09:04,76.7
2024-08-06 06:09:06,76.7
2024-08-06 06:09:08,76.7
2024-08-06 06:09:10,76.7
2024-08-06 06:09:12,77.0
2024-08-06 06:09:14,77.0
2024-08-06 06:09:16,77.0
2024-08-06 06:09:18,77.0
2024-08-06 06:09:20,77.0
2024-08-06 06:09:22,77.0
2024-08-06 06:09:24,77.0
2024-08-06 06:09:26,77.0
2024-08-06 06:09:28,77.0
2024-08-06 06:09:30,77.0
2024-08-06 06:09:32,77.0
2024-08-06 06:09:34,77.0
2024-08-06 06:09:36,77.0
2024-08-06 06:09:38,77.0
2024-08-06 06:09:40,77.0
2024-08-06 06:09:42,82.1
2024-08-06 06:09:44,82.1
2024-08-06 06:09:46,82.1
2024-08-06 06:09:48,82.1
2024-08-06 06:09:50,82.1
2024-08-06 06:09:52,82.1
2024-08-06 06:09:54,82.1
2024-08-06 06:09:56,82.1
2024-08-06 06:09:58,82.1
2024-08-06 06:10:00,82.1
2024-08-06 06:10:02,82.1
2024-08-06 06:10:04,82.1
2024-08-06 06:10:06,82.1
2024-08-06 06:10:08,82.1
2024-08-06 06:10:10,82.1
2024-08-06 06:10:12,83.3
2024-08-06 06:10:14,83.3
2024-08-06 06:10:16,83.3
2024-08-06 06:10:18,83.3
2024-08-06 06:10:20,83.3
2024-08-06 06:10:22,83.3
2024-08-06 06:10:24,83.3
2024-08-06 06:10:26,83.3
2024-08-06 06:10:28,83.3
2024-08-06 06:10:30,83.3
2024-08-06 06:10:32,83.3
2024-08-06 06:10:34,83.3
2024-08-06 06:10:36,83.3
2024-08-06 06:10:38,83.3
2024-08-06 06:10:40,83.3
2024-08-06 06:10:42,78.9
2024-08-06 06:10:44,78.9
2024-08-06 06:10:46,78.9
2024-08-06 06:10:48,78.9
2024-08-06 06:10:50,78.9
2024-08-06 06:10:52,78.9
2024-08-06 06:10:54,78.9
2024-08-06 06:10:56,78.9
2024-08-06 06:10:58,78.9
2024-08-06 06:11:00,78.9
2024-08-06 06:11:02,78.9
2024-08-06 06:11:04,78.9
2024-08-06 06:11:06,78.9
2024-08-06 06:11:08,78.9
2024-08-06 06:11:10,78.9
2024-08-06 06:11:12,83.3
2024-08-06 06:11:14,83.3
2024-08-06 06:11:16,83.3
2024-08-06 06:11:18,83.3
2024-08-06 06:11:20,83.3
2024-08-06 06:11:22,83.3
2024-08-06 06:11:24,83.3
2024-08-06 06:11:26,83.3
2024-08-06 06:11:28,83.3
2024-08-06 06:11:30,83.3
2024-08-06 06:11:32,83.3
2024-08-06 06:11:34,83.3
2024-08-06 06:11:36,83.3
2024-08-06 06:11:38,83.3
2024-08-06 06:11:40,83.3
2024-08-06 06:11:42,85.0
2024-08-06 06:11:44,85.0
2024-08-06 06:11:46,85.0
2024-08-06 06:11:48,85.0
2024-08-06 06:11:50,85.0
2024-08-06 06:11:52,85.0
2024-08-06 06:11:54,85.0
2024-08-06 06:11:56,85.0
2024-08-06 06:11:58,85.0
2024-08-06 06:12:00,85.0
2024-08-06 06:12:02,85.0
2024-08-06 06:12:04,85.0
2024-08-06 06:12:06,85.0
2024-08-06 06:12:08,85.0
2024-08-06 06:12:10,85.0
2024-08-06 06:12:12,79.4
2024-08-06 06:12:14,79.4
2024-08-06 06:12:16,79.4
2024-08-06 06:12:18,79.4
2024-08-06 06:12:20,79.4
2024-08-06 06:12:22,79.4
2024-08-06 06:12:24,79.4
2024-08-06 06:12:26,79.4
2024-08-06 06:12:28,79.4
2024-08-06 06:12:30,79.4
2024-08-06 06:12:32,79.4
2024-08-06 06:12:34,79.4
2024-08-06 06:12:36,79.4
2024-08-06 06:12:38,79.4
2024-08-06 06:12:40,79.4
2024-08-06 06:12:42,76.6
2024-08-06 06:12:44,76.6
2024-08-06 06:12:46,76.6
2024-08-06 06:12:48,76.6
2024-08-06 06:12:50,76.6
2024-08-06 06:12:52,76.6
2024-08-06 06:12:54,76.6
2024-08-06 06:12:56,76.6
2024-08-06 06:12:58,76.6
2024-08-06 06:13:00,76.6
2024-08-06 06:13:02,76.6
2024-08-06 06:13:04,76.6
2024-08-06 06:13:06,76.6
2024-08-06 06:13:08,76.6
2024-08-06 06:13:10,76.6
2024-08-06 06:13:12,0
2024-08-06 06:13:14,0
2024-08-06 06:13:16,0
2024-08-06 06:13:18,0
2024-08-06 06:13:20,0
2024-08-06 06:13:22,0
2024-08-06 06:13:24,0
2024-08-06 06:13:26,0
2024-08-06 06:13:28,0
2024-08-06 06:13:30,0
2024-08-06 06:13:32,0
2024-08-06 06:13:34,0
2024-08-06 06:13:36,0
2024-08-06 06:13:38,0
2024-08-06 06:13:40,0
2024-08-06 06:13:42,0
2024-08-06 06:13:44,0
2024-08-06 06:13:46,0
2024-08-06 06:13:48,0
2024-08-06 06:13:50,0
2024-08-06 06:13:52,0
2024-08-06 06:13:54,0
2024-08-06 06:13:56,0
2024-08-06 06:13:58,0
2024-08-06 06:14:00,0
2024-08-06 06:14:02,0
2024-08-06 06:14:04,0
2024-08-06 06:14:06,0
2024-08-06 06:14:08,0
2024-08-06 06:14:10,0
2024-08-06 06:14:12,0
2024-08-06 06:14:14,0
2024-08-06 06:14:16,0
2024-08-06 06:14:18,0
2024-08-06 06:14:20,0
2024-08-06 06:14:22,0
2024-08-06 06:14:24,0
2024-08-06 06:14:26,0
2024-08-06 06:14:28,0
2024-08-06 06:14:30,0
2024-08-06 06:14:32,0
2024-08-06 06:14:34,0
2024-08-06 06:14:36,0
2024-08-06 06:14:38,0
2024-08-06 06:14:40,0
2024-08-06 06:14:42,0
2024-08-06 06:14:44,0
2024-08-06 06:14:46,0
2024-08-06 06:14:48,0
2024-08-06 06:14:50,0
2024-08-06 06:14:52,0
2024-08-06 06:14:54,0
2024-08-06 06:14:56,0
2024-08-06 06:14:58,0
2024-08-06 06:15:00,0
2024-08-06 06:15:02,0
2024-08-06 06:15:04,0
2024-08-06 06:15:06,0
2024-08-06 06:15:08,0
2024-08-06 06:15:10,0
2024-08-06 06:15:12,0
2024-08-06 06:15:14,0
2024-08-06 06:15:16,0
2024-08-06 06:15:18,0
2024-08-06 06:15:20,0
2024-08-06 06:15:22,0
2024-08-06 06:15:24,0
2024-08-06 06:15:26,0
2024-08-06 06:15:28,0
2024-08-06 06:15:30,0
2024-08-06 06:15:32,0
2024-08-06 06:15:34,0
2024-08-06 06:15:36,0
2024-08-06 06:15:38,0
2024-08-06 06:15:40,0
2024-08-06 06:15:42,0
2024-08-06 06:15:44,0
2024-08-06 06:15:46,0
2024-08-06 06:15:48,0
2024-08-06 06:15:50,0
2024-08-06 06:15:52,0
2024-08-06 06:15:54,0
2024-08-06 06:15:56,0
2024-08-06 06:15:58,0
2024-08-06 06:16:00,0
2024-08-06 06:16:02,0
2024-08-06 06:16:04,0
2024-08-06 06:16:06,0
2024-08-06 06:16:08,0
2024-08-06 06:16:10,0
2024-08-06 06:16:12,0
2024-08-06 06:16:14,0
2024-08-06 06:16:16,0
2024-08-06 06:16:18,0
2024-08-06 06:16:20,0
2024-08-06 06:16:22,0
2024-08-06 06:16:24,0
2024-08-06 06:16:26,0
2024-08-06 06:16:28,0
2024-08-06 06:16:30,0
2024-08-06 06:16:32,0
2024-08-06 06:16:34,0
2024-08-06 06:16:36,0
2024-08-06 06:16:38,0
2024-08-06 06:16:40,0
2024-08-06 06:16:42,0
2024-08-06 06:16:44,0
2024-08-06 06:16:46,0
2024-08-06 06:16:48,0
2024-08-06 06:16:50,0
2024-08-06 06:16:52,0
2024-08-06 06:16:54,0
2024-08-06 06:16:56,0
2024-08-06 06:16:58,0
2024-08-06 06:17:00,0
2024-08-06 06:17:02,0
2024-08-06 06:17:04,0
2024-08-06 06:17:06,0
2024-08-06 06:17:08,0
2024-08-06 06:17:10,0
2024-08-06 06:17:12,0
2024-08-06 06:17:14,0
2024-08-06 06:17:16,0
2024-08-06 06:17:18,0
2024-08-06 06:17:20,0
2024-08-06 06:17:22,0
2024-08-06 06:17:24,0
2024-08-06 06:17:26,0
2024-08-06 06:17:28,0
2024-08-06 06:17:30,0
2024-08-06 06:17:32,0
2024-08-06 06:17:34,0
2024-08-06 06:17:36,0
2024-08-06 06:17:38,0
2024-08-06 06:17:40,0
2024-08-06 06:17:42,0
2024-08-06 06:17:44,0
2024-08-06 06:17:46,0
2024-08-06 06:17:48,0
2024-08-06 06:17:50,0
2024-08-06 06:17:52,0
2024-08-06 06:17:54,0
2024-08-06 06:17:56,0
2024-08-06 06:17:58,0
2024-08-06 06:18:00,0
2024-08-06 06:18:02,0
2024-08-06 06:18:04,0
2024-08-06 06:18:06,0
2024-08-06 06:18:08,0
2024-08-06 06:18:10,0
2024-08-06 06:18:12,0
2024-08-06 06:18:14,0
2024-08-06 06:18:16,0
2024-08-06 06:18:18,0
2024-08-06 06:18:20,0
2024-08-06 06:18:22,0
2024-08-06 06:18:24,0
2024-08-06 06:18:26,0
2024-08-06 06:18:28,0
2024-08-06 06:18:30,0
2024-08-06 06:18:32,0
2024-08-06 06:18:34,0
2024-08-06 06:18:36,0
2024-08-06 06:18:38,0
2024-08-06 06:18:40,0
2024-08-06 06:18:42,0
2024-08-06 06:18:44,0
2024-08-06 06:18:46,0
2024-08-06 06:18:48,0
2024-08-06 06:18:50,0
2024-08-06 06:18:52,0
2024-08-06 06:18:54,0
2024-08-06 06:18:56,0
2024-08-06 06:18:58,0
2024-08-06 06:19:00,0
2024-08-06 06:19:02,0
2024-08-06 06:19:04,0
2024-08-06 06:19:06,0
2024-08-06 06:19:08,0
2024-08-06 06:19:10,0
2024-08-06 06:19:12,0
2024-08-06 06:19:14,0
2024-08-06 06:19:16,0
2024-08-06 06:19:18,0
2024-08-06 06:19:20,0
2024-08-06 06:19:22,0
2024-08-06 06:19:24,0
2024-08-06 06:19:26,0
2024-08-06 06:19:28,0
2024-08-06 06:19:30,0
2024-08-06 06:19:32,0
2024-08-06 06:19:34,0
2024-08-06 06:19:36,0
2024-08-06 06:19:38,0
2024-08-06 06:19:40,0
2024-08-06 06:19:42,38.4
2024-08-06 06:19:44,38.4
2024-08-06 06:19:46,38.4
2024-08-06 06:19:48,38.4
2024-08-06 06:19:50,38.4
2024-08-06 06:19:52,38.4
2024-08-06 06:19:54,38.4
2024-08-06 06:19:56,38.4
2024-08-06 06:19:58,38.4
2024-08-06 06:20:00,38.4
2024-08-06 06:20:02,38.4
2024-08-06 06:20:04,38.4
2024-08-06 06:20:06,38.4
2024-08-06 06:20:08,38.4
2024-08-06 06:20:10,38.4
2024-08-06 06:20:12,136
2024-08-06 06:20:14,136
2024-08-06 06:20:16,136
2024-08-06 06:20:18,136
2024-08-06 06:20:20,136
2024-08-06 06:20:22,136
2024-08-06 06:20:24,136
2024-08-06 06:20:26,136
2024-08-06 06:20:28,136
2024-08-06 06:20:30,136
2024-08-06 06:20:32,136
2024-08-06 06:20:34,136
2024-08-06 06:20:36,136
2024-08-06 06:20:38,136
2024-08-06 06:20:40,136
2024-08-06 06:20:42,184
2024-08-06 06:20:44,184
2024-08-06 06:20:46,184
2024-08-06 06:20:48,184
2024-08-06 06:20:50,184
2024-08-06 06:20:52,184
2024-08-06 06:20:54,184
2024-08-06 06:20:56,184
2024-08-06 06:20:58,184
2024-08-06 06:21:00,184
2024-08-06 06:21:02,184
2024-08-06 06:21:04,184
2024-08-06 06:21:06,184
2024-08-06 06:21:08,184
2024-08-06 06:21:10,184
2024-08-06 06:21:12,182
2024-08-06 06:21:14,182
2024-08-06 06:21:16,182
2024-08-06 06:21:18,182
2024-08-06 06:21:20,182
2024-08-06 06:21:22,182
2024-08-06 06:21:24,182
2024-08-06 06:21:26,182
2024-08-06 06:21:28,182
2024-08-06 06:21:30,182
2024-08-06 06:21:32,182
2024-08-06 06:21:34,182
2024-08-06 06:21:36,182
2024-08-06 06:21:38,182
2024-08-06 06:21:40,182
2024-08-06 06:21:42,179
2024-08-06 06:21:44,179
2024-08-06 06:21:46,179
2024-08-06 06:21:48,179
2024-08-06 06:21:50,179
2024-08-06 06:21:52,179
2024-08-06 06:21:54,179
2024-08-06 06:21:56,179
2024-08-06 06:21:58,179
2024-08-06 06:22:00,179
2024-08-06 06:22:02,179
2024-08-06 06:22:04,179
2024-08-06 06:22:06,179
2024-08-06 06:22:08,179
2024-08-06 06:22:10,179
2024-08-06 06:22:12,178
2024-08-06 06:22:14,178
2024-08-06 06:22:16,178
2024-08-06 06:22:18,178
2024-08-06 06:22:20,178
2024-08-06 06:22:22,178
2024-08-06 06:22:24,178
2024-08-06 06:22:26,178
2024-08-06 06:22:28,178
2024-08-06 06:22:30,178
2024-08-06 06:22:32,178
2024-08-06 06:22:34,178
2024-08-06 06:22:36,178
2024-08-06 06:22:38,178
2024-08-06 06:22:40,178
2024-08-06 06:22:42,181
2024-08-06 06:22:44,181
2024-08-06 06:22:46,181
2024-08-06 06:22:48,181
2024-08-06 06:22:50,181
2024-08-06 06:22:52,181
2024-08-06 06:22:54,181
2024-08-06 06:22:56,181
2024-08-06 06:22:58,181
2024-08-06 06:23:00,181
2024-08-06 06:23:02,181
2024-08-06 06:23:04,181
2024-08-06 06:23:06,181
2024-08-06 06:23:08,181
2024-08-06 06:23:10,181
2024-08-06 06:23:12,177
2024-08-06 06:23:14,177
2024-08-06 06:23:16,177
2024-08-06 06:23:18,177
2024-08-06 06:23:20,177
2024-08-06 06:23:22,177
2024-08-06 06:23:24,177
2024-08-06 06:23:26,177
2024-08-06 06:23:28,177
2024-08-06 06:23:30,177
2024-08-06 06:23:32,177
2024-08-06 06:23:34,177
2024-08-06 06:23:36,177
2024-08-06 06:23:38,177
2024-08-06 06:23:40,177
2024-08-06 06:23:42,178
2024-08-06 06:23:44,178
2024-08-06 06:23:46,178
2024-08-06 06:23:48,178
2024-08-06 06:23:50,178
2024-08-06 06:23:52,178
2024-08-06 06:23:54,178
2024-08-06 06:23:56,178
2024-08-06 06:23:58,178
2024-08-06 06:24:00,178
2024-08-06 06:24:02,178
2024-08-06 06:24:04,178
2024-08-06 06:24:06,178
2024-08-06 06:24:08,178
2024-08-06 06:24:10,178
2024-08-06 06:24:12,180
2024-08-06 06:24:14,180
2024-08-06 06:24:16,180
2024-08-06 06:24:18,180
2024-08-06 06:24:20,180
2024-08-06 06:24:22,180
2024-08-06 06:24:24,180
2024-08-06 06:24:26,180
2024-08-06 06:24:28,180
2024-08-06 06:24:30,180
2024-08-06 06:24:32,180
2024-08-06 06:24:34,180
2024-08-06 06:24:36,180
2024-08-06 06:24:38,180
2024-08-06 06:24:40,180
2024-08-06 06:24:42,174
2024-08-06 06:24:44,174
2024-08-06 06:24:46,174
2024-08-06 06:24:48,174
2024-08-06 06:24:50,174
2024-08-06 06:24:52,174
2024-08-06 06:24:54,174
2024-08-06 06:24:56,174
2024-08-06 06:24:58,174
2024-08-06 06:25:00,174
2024-08-06 06:25:02,174
2024-08-06 06:25:04,174
2024-08-06 06:25:06,174
2024-08-06 06:25:08,174
2024-08-06 06:25:10,174
2024-08-06 06:25:12,175
2024-08-06 06:25:14,175
2024-08-06 06:25:16,175
2024-08-06 06:25:18,175
2024-08-06 06:25:20,175
2024-08-06 06:25:22,175
2024-08-06 06:25:24,175
2024-08-06 06:25:26,175
2024-08-06 06:25:28,175
2024-08-06 06:25:30,175
2024-08-06 06:25:32,175
2024-08-06 06:25:34,175
2024-08-06 06:25:36,175
2024-08-06 06:25:38,175
2024-08-06 06:25:40,175
2024-08-06 06:25:42,175
2024-08-06 06:25:44,175
2024-08-06 06:25:46,175
2024-08-06 06:25:48,175
2024-08-06 06:25:50,175
2024-08-06 06:25:52,175
2024-08-06 06:25:54,175
2024-08-06 06:25:56,175
2024-08-06 06:25:58,175
2024-08-06 06:26:00,175
2024-08-06 06:26:02,175
2024-08-06 06:26:04,180
2024-08-06 06:26:06,180
2024-08-06 06:26:08,180
2024-08-06 06:26:10,180
2024-08-06 06:26:12,177
2024-08-06 06:26:14,177
2024-08-06 06:26:16,177
2024-08-06 06:26:18,177
2024-08-06 06:26:20,177
2024-08-06 06:26:22,177
2024-08-06 06:26:24,177
2024-08-06 06:26:26,177
2024-08-06 06:26:28,177
2024-08-06 06:26:30,177
2024-08-06 06:26:32,177
2024-08-06 06:26:34,177
2024-08-06 06:26:36,177
2024-08-06 06:26:38,177
2024-08-06 06:26:40,177
2024-08-06 06:26:42,0
2024-08-06 06:26:44,0
2024-08-06 06:26:46,0
2024-08-06 06:26:48,0
2024-08-06 06:26:50,0
2024-08-06 06:26:52,0
2024-08-06 06:26:54,0
2024-08-06 06:26:56,0
2024-08-06 06:26:58,0
2024-08-06 06:27:00,0
2024-08-06 06:27:02,0
2024-08-06 06:27:04,0
2024-08-06 06:27:06,0
2024-08-06 06:27:08,0
2024-08-06 06:27:10,0
2024-08-06 06:27:12,0
2024-08-06 06:27:14,0
2024-08-06 06:27:16,0
2024-08-06 06:27:18,0
2024-08-06 06:27:20,0
2024-08-06 06:27:22,0
2024-08-06 06:27:24,0
2024-08-06 06:27:26,0
2024-08-06 06:27:28,0
2024-08-06 06:27:30,0
2024-08-06 06:27:32,0
2024-08-06 06:27:34,0
2024-08-06 06:27:36,0
2024-08-06 06:27:38,0
2024-08-06 06:27:40,0
2024-08-06 06:27:42,0
2024-08-06 06:27:44,0
2024-08-06 06:27:46,0
2024-08-06 06:27:48,0
2024-08-06 06:27:50,0
2024-08-06 06:27:52,0
2024-08-06 06:27:54,0
2024-08-06 06:27:56,0
2024-08-06 06:27:58,0
2024-08-06 06:28:00,0
2024-08-06 06:28:02,0
2024-08-06 06:28:04,0
2024-08-06 06:28:06,0
2024-08-06 06:28:08,0
2024-08-06 06:28:10,0
2024-08-06 06:28:12,0
2024-08-06 06:28:14,0
2024-08-06 06:28:16,0
2024-08-06 06:28:18,0
2024-08-06 06:28:20,0
2024-08-06 06:28:22,0
2024-08-06 06:28:24,0
2024-08-06 06:28:26,0
2024-08-06 06:28:28,0
2024-08-06 06:28:30,0
2024-08-06 06:28:32,0
2024-08-06 06:28:34,0
2024-08-06 06:28:36,0
2024-08-06 06:28:38,0
2024-08-06 06:28:40,0
2024-08-06 06:28:42,0
2024-08-06 06:28:44,0
2024-08-06 06:28:46,0
2024-08-06 06:28:48,0
2024-08-06 06:28:50,0
2024-08-06 06:28:52,0
2024-08-06 06:28:54,0
2024-08-06 06:28:56,0
2024-08-06 06:28:58,0
2024-08-06 06:29:00,0
2024-08-06 06:29:02,0
2024-08-06 06:29:04,0
2024-08-06 06:29:06,0
2024-08-06 06:29:08,0
2024-08-06 06:29:10,0
2024-08-06 06:29:12,0
2024-08-06 06:29:14,0
2024-08-06 06:29:16,0
2024-08-06 06:29:18,0
2024-08-06 06:29:20,0
2024-08-06 06:29:22,0
2024-08-06 06:29:24,0
2024-08-06 06:29:26,0
2024-08-06 06:29:28,0
2024-08-06 06:29:30,0
2024-08-06 06:29:32,0
2024-08-06 06:29:34,0
2024-08-06 06:29:36,0
2024-08-06 06:29:38,0
2024-08-06 06:29:40,0
2024-08-06 06:29:42,0
2024-08-06 06:29:44,0
2024-08-06 06:29:46,0
2024-08-06 06:29:48,0
2024-08-06 06:29:50,0
2024-08-06 06:29:52,0
2024-08-06 06:29:54,0
2024-08-06 06:29:56,0
2024-08-06 06:29:58,0
2024-08-06 06:30:00,0
2024-08-06 06:30:02,0
2024-08-06 06:30:04,0
2024-08-06 06:30:06,0
2024-08-06 06:30:08,0
2024-08-06 06:30:10,0
2024-08-06 06:30:12,0
2024-08-06 06:30:14,0
2024-08-06 06:30:16,0
2024-08-06 06:30:18,0
2024-08-06 06:30:20,0
2024-08-06 06:30:22,0
2024-08-06 06:30:24,0
2024-08-06 06:30:26,0
2024-08-06 06:30:28,0
2024-08-06 06:30:30,0
2024-08-06 06:30:32,0
2024-08-06 06:30:34,0
2024-08-06 06:30:36,0
2024-08-06 06:30:38,0
2024-08-06 06:30:40,0
2024-08-06 06:30:42,0
2024-08-06 06:30:44,0
2024-08-06 06:30:46,0
2024-08-06 06:30:48,0
2024-08-06 06:30:50,0
2024-08-06 06:30:52,0
2024-08-06 06:30:54,0
2024-08-06 06:30:56,0
2024-08-06 06:30:58,0
2024-08-06 06:31:00,0
2024-08-06 06:31:02,0
2024-08-06 06:31:04,0
2024-08-06 06:31:06,0
2024-08-06 06:31:08,0
2024-08-06 06:31:10,0
2024-08-06 06:31:12,0
2024-08-06 06:31:14,0
2024-08-06 06:31:16,0
2024-08-06 06:31:18,0
2024-08-06 06:31:20,0
2024-08-06 06:31:22,0
2024-08-06 06:31:24,0
2024-08-06 06:31:26,0
2024-08-06 06:31:28,0
2024-08-06 06:31:30,0
2024-08-06 06:31:32,0
2024-08-06 06:31:34,0
2024-08-06 06:31:36,0
2024-08-06 06:31:38,0
2024-08-06 06:31:40,0
2024-08-06 06:31:42,0
2024-08-06 06:31:44,0
2024-08-06 06:31:46,0
2024-08-06 06:31:48,0
2024-08-06 06:31:50,0
2024-08-06 06:31:52,0
2024-08-06 06:31:54,0
2024-08-06 06:31:56,0
2024-08-06 06:31:58,0
2024-08-06 06:32:00,0
2024-08-06 06:32:02,0
2024-08-06 06:32:04,0
2024-08-06 06:32:06,0
2024-08-06 06:32:08,0
2024-08-06 06:32:10,0
2024-08-06 06:32:12,0
2024-08-06 06:32:14,0
2024-08-06 06:32:16,0
2024-08-06 06:32:18,0
2024-08-06 06:32:20,0
2024-08-06 06:32:22,0
2024-08-06 06:32:24,0
2024-08-06 06:32:26,0
2024-08-06 06:32:28,0
2024-08-06 06:32:30,0
2024-08-06 06:32:32,0
2024-08-06 06:32:34,0
2024-08-06 06:32:36,0
2024-08-06 06:32:38,0
2024-08-06 06:32:40,0
2024-08-06 06:32:42,0
2024-08-06 06:32:44,0
2024-08-06 06:32:46,0
2024-08-06 06:32:48,0
2024-08-06 06:32:50,0
2024-08-06 06:32:52,0
2024-08-06 06:32:54,0
2024-08-06 06:32:56,0
2024-08-06 06:32:58,0
2024-08-06 06:33:00,0
2024-08-06 06:33:02,0
2024-08-06 06:33:04,0
2024-08-06 06:33:06,0
2024-08-06 06:33:08,0
2024-08-06 06:33:10,0
2024-08-06 06:33:12,0
2024-08-06 06:33:14,0
2024-08-06 06:33:16,0
2024-08-06 06:33:18,0
2024-08-06 06:33:20,0
2024-08-06 06:33:22,0
2024-08-06 06:33:24,0
2024-08-06 06:33:26,0
2024-08-06 06:33:28,0
2024-08-06 06:33:30,0
2024-08-06 06:33:32,0
2024-08-06 06:33:34,0
2024-08-06 06:33:36,0
2024-08-06 06:33:38,0
2024-08-06 06:33:40,0
2024-08-06 06:33:42,0
2024-08-06 06:33:44,0
2024-08-06 06:33:46,0
2024-08-06 06:33:48,0
2024-08-06 06:33:50,0
2024-08-06 06:33:52,0
2024-08-06 06:33:54,0
2024-08-06 06:33:56,0
2024-08-06 06:33:58,0
2024-08-06 06:34:00,0
2024-08-06 06:34:02,0
2024-08-06 06:34:04,0
2024-08-06 06:34:06,0
2024-08-06 06:34:08,0
2024-08-06 06:34:10,0
2024-08-06 06:34:12,0
2024-08-06 06:34:14,0
2024-08-06 06:34:16,0
2024-08-06 06:34:18,0
2024-08-06 06:34:20,0
2024-08-06 06:34:22,0
2024-08-06 06:34:24,0
2024-08-06 06:34:26,0
2024-08-06 06:34:28,0
2024-08-06 06:34:30,0
2024-08-06 06:34:32,0
2024-08-06 06:34:34,0
2024-08-06 06:34:36,0
2024-08-06 06:34:38,0
2024-08-06 06:34:40,0
2024-08-06 06:34:42,98.3
2024-08-06 06:34:44,98.3
2024-08-06 06:34:46,98.3
2024-08-06 06:34:48,98.3
2024-08-06 06:34:50,98.3
2024-08-06 06:34:52,98.3
2024-08-06 06:34:54,98.3
2024-08-06 06:34:56,98.3
2024-08-06 06:34:58,98.3
2024-08-06 06:35:00,98.3
2024-08-06 06:35:02,98.3
2024-08-06 06:35:04,98.3
2024-08-06 06:35:06,98.3
2024-08-06 06:35:08,98.3
2024-08-06 06:35:10,98.3
2024-08-06 06:35:12,233
2024-08-06 06:35:14,233
2024-08-06 06:35:16,233
2024-08-06 06:35:18,233
2024-08-06 06:35:20,233
2024-08-06 06:35:22,233
2024-08-06 06:35:24,233
2024-08-06 06:35:26,233
2024-08-06 06:35:28,233
2024-08-06 06:35:30,233
2024-08-06 06:35:32,233
2024-08-06 06:35:34,233
2024-08-06 06:35:36,233
2024-08-06 06:35:38,233
2024-08-06 06:35:40,233
2024-08-06 06:35:42,358
2024-08-06 06:35:44,358
2024-08-06 06:35:46,358
2024-08-06 06:35:48,358
2024-08-06 06:35:50,358
2024-08-06 06:35:52,358
2024-08-06 06:35:54,358
2024-08-06 06:35:56,358
2024-08-06 06:35:58,358
2024-08-06 06:36:00,358
2024-08-06 06:36:02,358
2024-08-06 06:36:04,358
2024-08-06 06:36:06,358
2024-08-06 06:36:08,358
2024-08-06 06:36:10,358
2024-08-06 06:36:12,384
2024-08-06 06:36:14,384
2024-08-06 06:36:16,384
2024-08-06 06:36:18,384
2024-08-06 06:36:20,384
2024-08-06 06:36:22,384
2024-08-06 06:36:24,384
2024-08-06 06:36:26,384
2024-08-06 06:36:28,384
2024-08-06 06:36:30,384
2024-08-06 06:36:32,384
2024-08-06 06:36:34,384
2024-08-06 06:36:36,384
2024-08-06 06:36:38,384
2024-08-06 06:36:40,384
2024-08-06 06:36:42,381
2024-08-06 06:36:44,381
2024-08-06 06:36:46,381
2024-08-06 06:36:48,381
2024-08-06 06:36:50,381
2024-08-06 06:36:52,381
2024-08-06 06:36:54,381
2024-08-06 06:36:56,381
2024-08-06 06:36:58,381
2024-08-06 06:37:00,381
2024-08-06 06:37:02,381
2024-08-06 06:37:04,381
2024-08-06 06:37:06,381
2024-08-06 06:37:08,381
2024-08-06 06:37:10,381
2024-08-06 06:37:12,376
2024-08-06 06:37:14,376
2024-08-06 06:37:16,376
2024-08-06 06:37:18,376
2024-08-06 06:37:20,376
2024-08-06 06:37:22,376
2024-08-06 06:37:24,376
2024-08-06 06:37:26,376
2024-08-06 06:37:28,376
2024-08-06 06:37:30,376
2024-08-06 06:37:32,376
2024-08-06 06:37:34,376
2024-08-06 06:37:36,376
2024-08-06 06:37:38,376
2024-08-06 06:37:40,376
2024-08-06 06:37:42,376
2024-08-06 06:37:44,376
2024-08-06 06:37:46,376
2024-08-06 06:37:48,376
2024-08-06 06:41:40,0
2024-08-06 06:41:42,0
2024-08-06 06:41:44,0
2024-08-06 06:41:46,0
2024-08-06 06:41:48,0
2024-08-06 06:41:50,0
2024-08-06 06:41:52,0
2024-08-06 06:41:54,0
2024-08-06 06:41:56,0
2024-08-06 06:41:58,0
2024-08-06 06:42:00,0
2024-08-06 06:42:02,0
2024-08-06 06:42:04,0
2024-08-06 06:42:06,0
2024-08-06 06:42:08,0
2024-08-06 06:42:10,0
2024-08-06 06:42:12,0
2024-08-06 06:42:14,0
2024-08-06 06:42:16,0
2024-08-06 06:42:18,0
2024-08-06 06:42:20,0
2024-08-06 06:42:22,0
2024-08-06 06:42:24,0
2024-08-06 06:42:26,0
2024-08-06 06:42:28,0
2024-08-06 06:42:30,0
2024-08-06 06:42:32,0
2024-08-06 06:42:34,0
2024-08-06 06:42:36,0
2024-08-06 06:42:38,0
2024-08-06 06:42:40,0
2024-08-06 06:42:42,0
2024-08-06 06:42:44,0
2024-08-06 06:42:46,0
2024-08-06 06:42:48,0
2024-08-06 06:42:50,0
2024-08-06 06:42:52,0
2024-08-06 06:42:54,0
2024-08-06 06:42:56,0
2024-08-06 06:42:58,0
2024-08-06 06:43:00,0
2024-08-06 06:43:02,0
2024-08-06 06:43:04,0
2024-08-06 06:43:06,0
2024-08-06 06:43:08,0
2024-08-06 06:43:10,0
2024-08-06 06:43:12,0
2024-08-06 06:43:14,0
2024-08-06 06:43:16,0
2024-08-06 06:43:18,0
2024-08-06 06:43:20,0
2024-08-06 06:43:22,0
2024-08-06 06:43:24,0
2024-08-06 06:43:26,0
2024-08-06 06:43:28,0
2024-08-06 06:43:30,0
2024-08-06 06:43:32,0
2024-08-06 06:43:34,0
2024-08-06 06:43:36,0
2024-08-06 06:43:38,0
2024-08-06 06:43:40,0
2024-08-06 06:43:42,0
2024-08-06 06:43:44,0
2024-08-06 06:43:46,0
2024-08-06 06:43:48,0
2024-08-06 06:43:50,0
2024-08-06 06:43:52,0
2024-08-06 06:43:54,0
2024-08-06 06:43:56,0
2024-08-06 06:43:58,0
2024-08-06 06:44:00,0
2024-08-06 06:44:02,0
2024-08-06 06:44:04,0
2024-08-06 06:44:06,0
2024-08-06 06:44:08,0
2024-08-06 06:44:10,0
2024-08-06 06:44:12,0
2024-08-06 06:44:14,0
2024-08-06 06:44:16,0
2024-08-06 06:44:18,0
2024-08-06 06:44:20,0
2024-08-06 06:44:22,0
2024-08-06 06:44:24,0
2024-08-06 06:44:26,0
2024-08-06 06:44:28,0
2024-08-06 06:44:30,0
2024-08-06 06:44:32,0
2024-08-06 06:44:34,0
2024-08-06 06:44:36,0
2024-08-06 06:44:38,0
2024-08-06 06:44:40,0
2024-08-06 06:44:42,0
2024-08-06 06:44:44,0
2024-08-06 06:44:46,0
2024-08-06 06:44:48,0
2024-08-06 06:44:50,0
2024-08-06 06:44:52,0
2024-08-06 06:44:54,0
2024-08-06 06:44:56,0
2024-08-06 06:44:58,0
2024-08-06 06:45:00,0
2024-08-06 06:45:02,0
2024-08-06 06:45:04,0
2024-08-06 06:45:06,0
2024-08-06 06:45:08,0
2024-08-06 06:45:10,0
2024-08-06 06:45:12,0
2024-08-06 06:45:14,0
2024-08-06 06:45:16,0
2024-08-06 06:45:18,0
2024-08-06 06:45:20,0
2024-08-06 06:45:22,0
2024-08-06 06:45:24,0
2024-08-06 06:45:26,0
2024-08-06 06:45:28,0
2024-08-06 06:45:30,0
2024-08-06 06:45:32,0
2024-08-06 06:45:34,0
2024-08-06 06:45:36,0
2024-08-06 06:45:38,0
2024-08-06 06:45:40,0
2024-08-06 06:45:42,0
2024-08-06 06:45:44,0
2024-08-06 06:45:46,0
2024-08-06 06:45:48,0
2024-08-06 06:45:50,0
2024-08-06 06:45:52,0
2024-08-06 06:45:54,0
2024-08-06 06:45:56,0
2024-08-06 06:45:58,0
2024-08-06 06:46:00,0
2024-08-06 06:46:02,0
2024-08-06 06:46:04,0
2024-08-06 06:46:06,0
2024-08-06 06:46:08,0
2024-08-06 06:46:10,0
2024-08-06 06:46:12,0
2024-08-06 06:46:14,0
2024-08-06 06:46:16,0
2024-08-06 06:46:18,0
2024-08-06 06:46:20,0
2024-08-06 06:46:22,0
2024-08-06 06:46:24,0
2024-08-06 06:46:26,0
2024-08-06 06:46:28,0
2024-08-06 06:46:30,0
2024-08-06 06:46:32,0
2024-08-06 06:46:34,0
2024-08-06 06:46:36,0
2024-08-06 06:46:38,0
2024-08-06 06:46:40,0
2024-08-06 06:46:42,0
2024-08-06 06:46:44,0
2024-08-06 06:46:46,0
2024-08-06 06:46:48,0
2024-08-06 06:46:50,0
2024-08-06 06:46:52,0
2024-08-06 06:46:54,0
2024-08-06 06:46:56,0
2024-08-06 06:46:58,0
2024-08-06 06:47:00,0
2024-08-06 06:47:02,0
2024-08-06 06:47:04,0
2024-08-06 06:47:06,0
2024-08-06 06:47:08,0
2024-08-06 06:47:10,0