"Time","Actual Pods","Requested Pods","Pending Pods","NotReady Pods","Terminating Pods"
2024-08-06 05:55:36,1,1,0,0,0
2024-08-06 05:55:38,1,1,0,0,0
2024-08-06 05:55:40,1,1,0,0,0
2024-08-06 05:55:42,1,1,0,0,0
2024-08-06 05:55:44,1,1,0,0,0
2024-08-06 05:55:46,1,1,0,0,0
2024-08-06 05:55:48,1,1,0,0,0
2024-08-06 05:55:50,1,1,0,0,0
2024-08-06 05:55:52,1,1,0,0,0
2024-08-06 05:55:54,1,1,0,0,0
2024-08-06 05:55:56,1,1,0,0,0
2024-08-06 05:55:58,1,1,0,0,0
2024-08-06 05:56:00,1,1,0,0,0
2024-08-06 05:56:02,1,1,0,0,0
2024-08-06 05:56:04,1,1,0,0,0
2024-08-06 05:56:06,5,6,0,1,0
2024-08-06 05:56:08,5,6,0,1,0
2024-08-06 05:56:10,5,6,0,1,0
2024-08-06 05:56:12,5,6,0,1,0
2024-08-06 05:56:14,5,6,0,1,0
2024-08-06 05:56:16,5,6,0,1,0
2024-08-06 05:56:18,5,6,0,1,0
2024-08-06 05:56:20,5,6,0,1,0
2024-08-06 05:56:22,5,6,0,1,0
2024-08-06 05:56:24,5,6,0,1,0
2024-08-06 05:56:26,5,6,0,1,0
2024-08-06 05:56:28,5,6,0,1,0
2024-08-06 05:56:30,5,6,0,1,0
2024-08-06 05:56:32,5,6,0,1,0
2024-08-06 05:56:34,5,6,0,1,0
2024-08-06 05:56:36,6,6,0,0,0
2024-08-06 05:56:38,6,6,0,0,0
2024-08-06 05:56:40,6,6,0,0,0
2024-08-06 05:56:42,6,6,0,0,0
2024-08-06 05:56:44,6,6,0,0,0
2024-08-06 05:56:46,6,6,0,0,0
2024-08-06 05:56:48,6,6,0,0,0
2024-08-06 05:56:50,6,6,0,0,0
2024-08-06 05:56:52,6,6,0,0,0
2024-08-06 05:56:54,6,6,0,0,0
2024-08-06 05:56:56,6,6,0,0,0
2024-08-06 05:56:58,6,6,0,0,0
2024-08-06 05:57:00,6,6,0,0,0
2024-08-06 05:57:02,6,6,0,0,0
2024-08-06 05:57:04,6,6,0,0,0
2024-08-06 05:57:06,5,5,0,1,1
2024-08-06 05:57:08,5,5,0,1,1
2024-08-06 05:57:10,5,5,0,1,1
2024-08-06 05:57:12,5,5,0,1,1
2024-08-06 05:57:14,5,5,0,1,1
2024-08-06 05:57:16,5,5,0,1,1
2024-08-06 05:57:18,5,5,0,1,1
2024-08-06 05:57:20,5,5,0,1,1
2024-08-06 05:57:22,5,5,0,1,1
2024-08-06 05:57:24,5,5,0,1,1
2024-08-06 05:57:26,5,5,0,1,1
2024-08-06 05:57:28,5,5,0,1,1
2024-08-06 05:57:30,5,5,0,1,1
2024-08-06 05:57:32,5,5,0,1,1
2024-08-06 05:57:34,5,5,0,1,1
2024-08-06 05:57:36,5,5,0,0,0
2024-08-06 05:57:38,5,5,0,0,0
2024-08-06 05:57:40,5,5,0,0,0
2024-08-06 05:57:42,5,5,0,0,0
2024-08-06 05:57:44,5,5,0,0,0
2024-08-06 05:57:46,5,5,0,0,0
2024-08-06 05:57:48,5,5,0,0,0
2024-08-06 05:57:50,5,5,0,0,0
2024-08-06 05:57:52,5,5,0,0,0
2024-08-06 05:57:54,5,5,0,0,0
2024-08-06 05:57:56,5,5,0,0,0
2024-08-06 05:57:58,5,5,0,0,0
2024-08-06 05:58:00,5,5,0,0,0
2024-08-06 05:58:02,5,5,0,0,0
2024-08-06 05:58:04,5,5,0,0,0
2024-08-06 05:58:06,5,5,0,0,0
2024-08-06 05:58:08,5,5,0,0,0
2024-08-06 05:58:10,5,5,0,0,0
2024-08-06 05:58:12,5,5,0,0,0
2024-08-06 05:58:14,5,5,0,0,0
2024-08-06 05:58:16,5,5,0,0,0
2024-08-06 05:58:18,5,5,0,0,0
2024-08-06 05:58:20,5,5,0,0,0
2024-08-06 05:58:22,5,5,0,0,0
2024-08-06 05:58:24,5,5,0,0,0
2024-08-06 05:58:26,5,5,0,0,0
2024-08-06 05:58:28,5,5,0,0,0
2024-08-06 05:58:30,5,5,0,0,0
2024-08-06 05:58:32,5,5,0,0,0
2024-08-06 05:58:34,5,5,0,0,0
2024-08-06 05:58:36,5,5,0,0,0
2024-08-06 05:58:38,5,5,0,0,0
2024-08-06 05:58:40,5,5,0,0,0
2024-08-06 05:58:42,5,5,0,0,0
2024-08-06 05:58:44,5,5,0,0,0
2024-08-06 05:58:46,5,5,0,0,0
2024-08-06 05:58:48,5,5,0,0,0
2024-08-06 05:58:50,5,5,0,0,0
2024-08-06 05:58:52,5,5,0,0,0
2024-08-06 05:58:54,5,5,0,0,0
2024-08-06 05:58:56,5,5,0,0,0
2024-08-06 05:58:58,5,5,0,0,0
2024-08-06 05:59:00,5,5,0,0,0
2024-08-06 05:59:02,5,5,0,0,0
2024-08-06 05:59:04,5,5,0,0,0
2024-08-06 05:59:06,5,5,0,0,0
2024-08-06 05:59:08,5,5,0,0,0
2024-08-06 05:59:10,5,5,0,0,0
2024-08-06 05:59:12,5,5,0,0,0
2024-08-06 05:59:14,5,5,0,0,0
2024-08-06 05:59:16,5,5,0,0,0
2024-08-06 05:59:18,5,5,0,0,0
2024-08-06 05:59:20,5,5,0,0,0
2024-08-06 05:59:22,5,5,0,0,0
2024-08-06 05:59:24,5,5,0,0,0
2024-08-06 05:59:26,5,5,0,0,0
2024-08-06 05:59:28,5,5,0,0,0
2024-08-06 05:59:30,5,5,0,0,0
2024-08-06 05:59:32,5,5,0,0,0
2024-08-06 05:59:34,5,5,0,0,0
2024-08-06 05:59:36,5,5,0,0,0
2024-08-06 05:59:38,5,5,0,0,0
2024-08-06 05:59:40,5,5,0,0,0
2024-08-06 05:59:42,5,5,0,0,0
2024-08-06 05:59:44,5,5,0,0,0
2024-08-06 05:59:46,5,5,0,0,0
2024-08-06 05:59:48,5,5,0,0,0
2024-08-06 05:59:50,5,5,0,0,0
2024-08-06 05:59:52,5,5,0,0,0
2024-08-06 05:59:54,5,5,0,0,0
2024-08-06 05:59:56,5,5,0,0,0
2024-08-06 05:59:58,5,5,0,0,0
2024-08-06 06:00:00,5,5,0,0,0
2024-08-06 06:00:02,5,5,0,0,0
2024-08-06 06:00:04,5,5,0,0,0
2024-08-06 06:00:06,5,5,0,0,0
2024-08-06 06:00:08,5,5,0,0,0
2024-08-06 06:00:10,5,5,0,0,0
2024-08-06 06:00:12,5,5,0,0,0
2024-08-06 06:00:14,5,5,0,0,0
2024-08-06 06:00:16,5,5,0,0,0
2024-08-06 06:00:18,5,5,0,0,0
2024-08-06 06:00:20,5,5,0,0,0
2024-08-06 06:00:22,5,5,0,0,0
2024-08-06 06:00:24,5,5,0,0,0
2024-08-06 06:00:26,5,5,0,0,0
2024-08-06 06:00:28,5,5,0,0,0
2024-08-06 06:00:30,5,5,0,0,0
2024-08-06 06:00:32,5,5,0,0,0
2024-08-06 06:00:34,5,5,0,0,0
2024-08-06 06:00:36,5,5,0,0,0
2024-08-06 06:00:38,5,5,0,0,0
2024-08-06 06:00:40,5,5,0,0,0
2024-08-06 06:00:42,5,5,0,0,0
2024-08-06 06:00:44,5,5,0,0,0
2024-08-06 06:00:46,5,5,0,0,0
2024-08-06 06:00:48,5,5,0,0,0
2024-08-06 06:00:50,5,5,0,0,0
2024-08-06 06:00:52,5,5,0,0,0
2024-08-06 06:00:54,5,5,0,0,0
2024-08-06 06:00:56,5,5,0,0,0
2024-08-06 06:00:58,5,5,0,0,0
2024-08-06 06:01:00,5,5,0,0,0
2024-08-06 06:01:02,5,5,0,0,0
2024-08-06 06:01:04,5,5,0,0,0
2024-08-06 06:01:06,5,5,0,0,0
2024-08-06 06:01:08,5,5,0,0,0
2024-08-06 06:01:10,5,5,0,0,0
2024-08-06 06:01:12,5,5,0,0,0
2024-08-06 06:01:14,5,5,0,0,0
2024-08-06 06:01:16,5,5,0,0,0
2024-08-06 06:01:18,5,5,0,0,0
2024-08-06 06:01:20,5,5,0,0,0
2024-08-06 06:01:22,5,5,0,0,0
2024-08-06 06:01:24,5,5,0,0,0
2024-08-06 06:01:26,5,5,0,0,0
2024-08-06 06:01:28,5,5,0,0,0
2024-08-06 06:01:30,5,5,0,0,0
2024-08-06 06:01:32,5,5,0,0,0
2024-08-06 06:01:34,5,5,0,0,0
2024-08-06 06:01:36,5,5,0,0,0
2024-08-06 06:01:38,5,5,0,0,0
2024-08-06 06:01:40,5,5,0,0,0
2024-08-06 06:01:42,5,5,0,0,0
2024-08-06 06:01:44,5,5,0,0,0
2024-08-06 06:01:46,5,5,0,0,0
2024-08-06 06:01:48,5,5,0,0,0
2024-08-06 06:01:50,5,5,0,0,0
2024-08-06 06:01:52,5,5,0,0,0
2024-08-06 06:01:54,5,5,0,0,0
2024-08-06 06:01:56,5,5,0,0,0
2024-08-06 06:01:58,5,5,0,0,0
2024-08-06 06:02:00,5,5,0,0,0
2024-08-06 06:02:02,5,5,0,0,0
2024-08-06 06:02:04,5,5,0,0,0
2024-08-06 06:02:06,5,5,0,0,0
2024-08-06 06:02:08,5,5,0,0,0
2024-08-06 06:02:10,5,5,0,0,0
2024-08-06 06:02:12,5,5,0,0,0
2024-08-06 06:02:14,5,5,0,0,0
2024-08-06 06:02:16,5,5,0,0,0
2024-08-06 06:02:18,5,5,0,0,0
2024-08-06 06:02:20,5,5,0,0,0
2024-08-06 06:02:22,5,5,0,0,0
2024-08-06 06:02:24,5,5,0,0,0
2024-08-06 06:02:26,5,5,0,0,0
2024-08-06 06:02:28,5,5,0,0,0
2024-08-06 06:02:30,5,5,0,0,0
2024-08-06 06:02:32,5,5,0,0,0
2024-08-06 06:02:34,5,5,0,0,0
2024-08-06 06:02:36,5,5,0,0,0
2024-08-06 06:02:38,5,5,0,0,0
2024-08-06 06:02:40,5,5,0,0,0
2024-08-06 06:02:42,5,5,0,0,0
2024-08-06 06:02:44,5,5,0,0,0
2024-08-06 06:02:46,5,5,0,0,0
2024-08-06 06:02:48,5,5,0,0,0
2024-08-06 06:02:50,5,5,0,0,0
2024-08-06 06:02:52,5,5,0,0,0
2024-08-06 06:02:54,5,5,0,0,0
2024-08-06 06:02:56,5,5,0,0,0
2024-08-06 06:02:58,5,5,0,0,0
2024-08-06 06:03:00,5,5,0,0,0
2024-08-06 06:03:02,5,5,0,0,0
2024-08-06 06:03:04,5,5,0,0,0
2024-08-06 06:03:06,2,2,0,3,3
2024-08-06 06:03:08,2,2,0,3,3
2024-08-06 06:03:10,2,2,0,3,3
2024-08-06 06:03:12,2,2,0,3,3
2024-08-06 06:03:14,2,2,0,3,3
2024-08-06 06:03:16,2,2,0,3,3
2024-08-06 06:03:18,2,2,0,3,3
2024-08-06 06:03:20,2,2,0,3,3
2024-08-06 06:03:22,2,2,0,3,3
2024-08-06 06:03:24,2,2,0,3,3
2024-08-06 06:03:26,2,2,0,3,3
2024-08-06 06:03:28,2,2,0,3,3
2024-08-06 06:03:30,2,2,0,3,3
2024-08-06 06:03:32,2,2,0,3,3
2024-08-06 06:03:34,2,2,0,3,3
2024-08-06 06:03:36,0,0,0,2,2
2024-08-06 06:03:38,0,0,0,2,2
2024-08-06 06:03:40,0,0,0,2,2
2024-08-06 06:03:42,0,0,0,2,2
2024-08-06 06:03:44,0,0,0,2,2
2024-08-06 06:03:46,0,0,0,2,2
2024-08-06 06:03:48,0,0,0,2,2
2024-08-06 06:03:50,0,0,0,2,2
2024-08-06 06:03:52,0,0,0,2,2
2024-08-06 06:03:54,0,0,0,2,2
2024-08-06 06:03:56,0,0,0,2,2
2024-08-06 06:03:58,0,0,0,2,2
2024-08-06 06:04:00,0,0,0,2,2
2024-08-06 06:04:02,0,0,0,2,2
2024-08-06 06:04:04,0,0,0,2,2
2024-08-06 06:04:06,0,0,0,0,0
2024-08-06 06:04:08,0,0,0,0,0
2024-08-06 06:04:10,0,0,0,0,0
2024-08-06 06:04:12,0,0,0,0,0
2024-08-06 06:04:14,0,0,0,0,0
2024-08-06 06:04:16,0,0,0,0,0
2024-08-06 06:04:18,0,0,0,0,0
2024-08-06 06:04:20,0,0,0,0,0
2024-08-06 06:04:22,0,0,0,0,0
2024-08-06 06:04:24,0,0,0,0,0
2024-08-06 06:04:26,0,0,0,0,0
2024-08-06 06:04:28,0,0,0,0,0
2024-08-06 06:04:30,0,0,0,0,0
2024-08-06 06:04:32,0,0,0,0,0
2024-08-06 06:04:34,0,0,0,0,0
2024-08-06 06:04:36,0,0,0,0,0
2024-08-06 06:04:38,0,0,0,0,0
2024-08-06 06:04:40,0,0,0,0,0
2024-08-06 06:04:42,0,0,0,0,0
2024-08-06 06:04:44,0,0,0,0,0
2024-08-06 06:04:46,0,0,0,0,0
2024-08-06 06:04:48,0,0,0,0,0
2024-08-06 06:04:50,0,0,0,0,0
2024-08-06 06:04:52,0,0,0,0,0
2024-08-06 06:04:54,0,0,0,0,0
2024-08-06 06:04:56,0,0,0,0,0
2024-08-06 06:04:58,0,0,0,0,0
2024-08-06 06:05:00,0,0,0,0,0
2024-08-06 06:05:02,0,0,0,0,0
2024-08-06 06:05:04,0,0,0,0,0
2024-08-06 06:05:06,0,0,0,0,0
2024-08-06 06:05:08,0,0,0,0,0
2024-08-06 06:05:10,0,0,0,0,0
2024-08-06 06:05:12,0,0,0,0,0
2024-08-06 06:05:14,0,0,0,0,0
2024-08-06 06:05:16,0,0,0,0,0
2024-08-06 06:05:18,0,0,0,0,0
2024-08-06 06:05:20,0,0,0,0,0
2024-08-06 06:05:22,0,0,0,0,0
2024-08-06 06:05:24,0,0,0,0,0
2024-08-06 06:05:26,0,0,0,0,0
2024-08-06 06:05:28,0,0,0,0,0
2024-08-06 06:05:30,0,0,0,0,0
2024-08-06 06:05:32,0,0,0,0,0
2024-08-06 06:05:34,0,0,0,0,0
2024-08-06 06:05:36,0,0,0,0,0
2024-08-06 06:05:38,0,0,0,0,0
2024-08-06 06:05:40,0,0,0,0,0
2024-08-06 06:05:42,0,0,0,0,0
2024-08-06 06:05:44,0,0,0,0,0
2024-08-06 06:05:46,0,0,0,0,0
2024-08-06 06:05:48,0,0,0,0,0
2024-08-06 06:05:50,0,0,0,0,0
2024-08-06 06:05:52,0,0,0,0,0
2024-08-06 06:05:54,0,0,0,0,0
2024-08-06 06:05:56,0,0,0,0,0
2024-08-06 06:05:58,0,0,0,0,0
2024-08-06 06:06:00,0,0,0,0,0
2024-08-06 06:06:02,0,0,0,0,0
2024-08-06 06:06:04,0,0,0,0,0
2024-08-06 06:06:06,5,7,2,2,0
2024-08-06 06:06:08,5,7,2,2,0
2024-08-06 06:06:10,5,7,2,2,0
2024-08-06 06:06:12,5,7,2,2,0
2024-08-06 06:06:14,5,7,2,2,0
2024-08-06 06:06:16,5,7,2,2,0
2024-08-06 06:06:18,5,7,2,2,0
2024-08-06 06:06:20,5,7,2,2,0
2024-08-06 06:06:22,5,7,2,2,0
2024-08-06 06:06:24,5,7,2,2,0
2024-08-06 06:06:26,5,7,2,2,0
2024-08-06 06:06:28,5,7,2,2,0
2024-08-06 06:06:30,5,7,2,2,0
2024-08-06 06:06:32,5,7,2,2,0
2024-08-06 06:06:34,5,7,2,2,0
2024-08-06 06:06:36,11,11,0,0,0
2024-08-06 06:06:38,11,11,0,0,0
2024-08-06 06:06:40,11,11,0,0,0
2024-08-06 06:06:42,11,11,0,0,0
2024-08-06 06:06:44,11,11,0,0,0
2024-08-06 06:06:46,11,11,0,0,0
2024-08-06 06:06:48,11,11,0,0,0
2024-08-06 06:06:50,11,11,0,0,0
2024-08-06 06:06:52,11,11,0,0,0
2024-08-06 06:06:54,11,11,0,0,0
2024-08-06 06:06:56,11,11,0,0,0
2024-08-06 06:06:58,11,11,0,0,0
2024-08-06 06:07:00,11,11,0,0,0
2024-08-06 06:07:02,11,11,0,0,0
2024-08-06 06:07:04,11,11,0,0,0
2024-08-06 06:07:06,10,10,0,1,1
2024-08-06 06:07:08,10,10,0,1,1
2024-08-06 06:07:10,10,10,0,1,1
2024-08-06 06:07:12,10,10,0,1,1
2024-08-06 06:07:14,10,10,0,1,1
2024-08-06 06:07:16,10,10,0,1,1
2024-08-06 06:07:18,10,10,0,1,1
2024-08-06 06:07:20,10,10,0,1,1
2024-08-06 06:07:22,10,10,0,1,1
2024-08-06 06:07:24,10,10,0,1,1
2024-08-06 06:07:26,10,10,0,1,1
2024-08-06 06:07:28,10,10,0,1,1
2024-08-06 06:07:30,10,10,0,1,1
2024-08-06 06:07:32,10,10,0,1,1
2024-08-06 06:07:34,10,10,0,1,1
2024-08-06 06:07:36,11,11,0,0,0
2024-08-06 06:07:38,11,11,0,0,0
2024-08-06 06:07:40,11,11,0,0,0
2024-08-06 06:07:42,11,11,0,0,0
2024-08-06 06:07:44,11,11,0,0,0
2024-08-06 06:07:46,11,11,0,0,0
2024-08-06 06:07:48,11,11,0,0,0
2024-08-06 06:07:50,11,11,0,0,0
2024-08-06 06:07:52,11,11,0,0,0
2024-08-06 06:07:54,11,11,0,0,0
2024-08-06 06:07:56,11,11,0,0,0
2024-08-06 06:07:58,11,11,0,0,0
2024-08-06 06:08:00,11,11,0,0,0
2024-08-06 06:08:02,11,11,0,0,0
2024-08-06 06:08:04,11,11,0,0,0
2024-08-06 06:08:06,11,11,0,0,0
2024-08-06 06:08:08,11,11,0,0,0
2024-08-06 06:08:10,11,11,0,0,0
2024-08-06 06:08:12,11,11,0,0,0
2024-08-06 06:08:14,11,11,0,0,0
2024-08-06 06:08:16,11,11,0,0,0
2024-08-06 06:08:18,11,11,0,0,0
2024-08-06 06:08:20,11,11,0,0,0
2024-08-06 06:08:22,11,11,0,0,0
2024-08-06 06:08:24,11,11,0,0,0
2024-08-06 06:08:26,11,11,0,0,0
2024-08-06 06:08:28,11,11,0,0,0
2024-08-06 06:08:30,11,11,0,0,0
2024-08-06 06:08:32,11,11,0,0,0
2024-08-06 06:08:34,11,11,0,0,0
2024-08-06 06:08:36,11,11,0,1,1
2024-08-06 06:08:38,11,11,0,1,1
2024-08-06 06:08:40,11,11,0,1,1
2024-08-06 06:08:42,11,11,0,1,1
2024-08-06 06:08:44,11,11,0,1,1
2024-08-06 06:08:46,11,11,0,1,1
2024-08-06 06:08:48,11,11,0,1,1
2024-08-06 06:08:50,11,11,0,1,1
2024-08-06 06:08:52,11,11,0,1,1
2024-08-06 06:08:54,11,11,0,1,1
2024-08-06 06:08:56,11,11,0,1,1
2024-08-06 06:08:58,11,11,0,1,1
2024-08-06 06:09:00,11,11,0,1,1
2024-08-06 06:09:02,11,11,0,1,1
2024-08-06 06:09:04,11,11,0,1,1
2024-08-06 06:09:06,11,11,0,0,0
2024-08-06 06:09:08,11,11,0,0,0
2024-08-06 06:09:10,11,11,0,0,0
2024-08-06 06:09:12,11,11,0,0,0
2024-08-06 06:09:14,11,11,0,0,0
2024-08-06 06:09:16,11,11,0,0,0
2024-08-06 06:09:18,11,11,0,0,0
2024-08-06 06:09:20,11,11,0,0,0
2024-08-06 06:09:22,11,11,0,0,0
2024-08-06 06:09:24,11,11,0,0,0
2024-08-06 06:09:26,11,11,0,0,0
2024-08-06 06:09:28,11,11,0,0,0
2024-08-06 06:09:30,11,11,0,0,0
2024-08-06 06:09:32,11,11,0,0,0
2024-08-06 06:09:34,11,11,0,0,0
2024-08-06 06:09:36,10,10,0,1,1
2024-08-06 06:09:38,10,10,0,1,1
2024-08-06 06:09:40,10,10,0,1,1
2024-08-06 06:09:42,10,10,0,1,1
2024-08-06 06:09:44,10,10,0,1,1
2024-08-06 06:09:46,10,10,0,1,1
2024-08-06 06:09:48,10,10,0,1,1
2024-08-06 06:09:50,10,10,0,1,1
2024-08-06 06:09:52,10,10,0,1,1
2024-08-06 06:09:54,10,10,0,1,1
2024-08-06 06:09:56,10,10,0,1,1
2024-08-06 06:09:58,10,10,0,1,1
2024-08-06 06:10:00,10,10,0,1,1
2024-08-06 06:10:02,10,10,0,1,1
2024-08-06 06:10:04,10,10,0,1,1
2024-08-06 06:10:06,10,10,0,2,2
2024-08-06 06:10:08,10,10,0,2,2
2024-08-06 06:10:10,10,10,0,2,2
2024-08-06 06:10:12,10,10,0,2,2
2024-08-06 06:10:14,10,10,0,2,2
2024-08-06 06:10:16,10,10,0,2,2
2024-08-06 06:10:18,10,10,0,2,2
2024-08-06 06:10:20,10,10,0,2,2
2024-08-06 06:10:22,10,10,0,2,2
2024-08-06 06:10:24,10,10,0,2,2
2024-08-06 06:10:26,10,10,0,2,2
2024-08-06 06:10:28,10,10,0,2,2
2024-08-06 06:10:30,10,10,0,2,2
2024-08-06 06:10:32,10,10,0,2,2
2024-08-06 06:10:34,10,10,0,2,2
2024-08-06 06:10:36,11,11,0,0,0
2024-08-06 06:10:38,11,11,0,0,0
2024-08-06 06:10:40,11,11,0,0,0
2024-08-06 06:10:42,11,11,0,0,0
2024-08-06 06:10:44,11,11,0,0,0
2024-08-06 06:10:46,11,11,0,0,0
2024-08-06 06:10:48,11,11,0,0,0
2024-08-06 06:10:50,11,11,0,0,0
2024-08-06 06:10:52,11,11,0,0,0
2024-08-06 06:10:54,11,11,0,0,0
2024-08-06 06:10:56,11,11,0,0,0
2024-08-06 06:10:58,11,11,0,0,0
2024-08-06 06:11:00,11,11,0,0,0
2024-08-06 06:11:02,11,11,0,0,0
2024-08-06 06:11:04,11,11,0,0,0
2024-08-06 06:11:06,11,11,0,0,0
2024-08-06 06:11:08,11,11,0,0,0
2024-08-06 06:11:10,11,11,0,0,0
2024-08-06 06:11:12,11,11,0,0,0
2024-08-06 06:11:14,11,11,0,0,0
2024-08-06 06:11:16,11,11,0,0,0
2024-08-06 06:11:18,11,11,0,0,0
2024-08-06 06:11:20,11,11,0,0,0
2024-08-06 06:11:22,11,11,0,0,0
2024-08-06 06:11:24,11,11,0,0,0
2024-08-06 06:11:26,11,11,0,0,0
2024-08-06 06:11:28,11,11,0,0,0
2024-08-06 06:11:30,11,11,0,0,0
2024-08-06 06:11:32,11,11,0,0,0
2024-08-06 06:11:34,11,11,0,0,0
2024-08-06 06:11:36,10,10,0,1,1
2024-08-06 06:11:38,10,10,0,1,1
2024-08-06 06:11:40,10,10,0,1,1
2024-08-06 06:11:42,10,10,0,1,1
2024-08-06 06:11:44,10,10,0,1,1
2024-08-06 06:11:46,10,10,0,1,1
2024-08-06 06:11:48,10,10,0,1,1
2024-08-06 06:11:50,10,10,0,1,1
2024-08-06 06:11:52,10,10,0,1,1
2024-08-06 06:11:54,10,10,0,1,1
2024-08-06 06:11:56,10,10,0,1,1
2024-08-06 06:11:58,10,10,0,1,1
2024-08-06 06:12:00,10,10,0,1,1
2024-08-06 06:12:02,10,10,0,1,1
2024-08-06 06:12:04,10,10,0,1,1
2024-08-06 06:12:06,11,11,0,0,0
2024-08-06 06:12:08,11,11,0,0,0
2024-08-06 06:12:10,11,11,0,0,0
2024-08-06 06:12:12,11,11,0,0,0
2024-08-06 06:12:14,11,11,0,0,0
2024-08-06 06:12:16,11,11,0,0,0
2024-08-06 06:12:18,11,11,0,0,0
2024-08-06 06:12:20,11,11,0,0,0
2024-08-06 06:12:22,11,11,0,0,0
2024-08-06 06:12:24,11,11,0,0,0
2024-08-06 06:12:26,11,11,0,0,0
2024-08-06 06:12:28,11,11,0,0,0
2024-08-06 06:12:30,11,11,0,0,0
2024-08-06 06:12:32,11,11,0,0,0
2024-08-06 06:12:34,11,11,0,0,0
2024-08-06 06:12:36,11,11,0,1,1
2024-08-06 06:12:38,11,11,0,1,1
2024-08-06 06:12:40,11,11,0,1,1
2024-08-06 06:12:42,11,11,0,1,1
2024-08-06 06:12:44,11,11,0,1,1
2024-08-06 06:12:46,11,11,0,1,1
2024-08-06 06:12:48,11,11,0,1,1
2024-08-06 06:12:50,11,11,0,1,1
2024-08-06 06:12:52,11,11,0,1,1
2024-08-06 06:12:54,11,11,0,1,1
2024-08-06 06:12:56,11,11,0,1,1
2024-08-06 06:12:58,11,11,0,1,1
2024-08-06 06:13:00,11,11,0,1,1
2024-08-06 06:13:02,11,11,0,1,1
2024-08-06 06:13:04,11,11,0,1,1
2024-08-06 06:13:06,7,7,0,4,4
2024-08-06 06:13:08,7,7,0,4,4
2024-08-06 06:13:10,7,7,0,4,4
2024-08-06 06:13:12,7,7,0,4,4
2024-08-06 06:13:14,7,7,0,4,4
2024-08-06 06:13:16,7,7,0,4,4
2024-08-06 06:13:18,7,7,0,4,4
2024-08-06 06:13:20,7,7,0,4,4
2024-08-06 06:13:22,7,7,0,4,4
2024-08-06 06:13:24,7,7,0,4,4
2024-08-06 06:13:26,7,7,0,4,4
2024-08-06 06:13:28,7,7,0,4,4
2024-08-06 06:13:30,7,7,0,4,4
2024-08-06 06:13:32,7,7,0,4,4
2024-08-06 06:13:34,7,7,0,4,4
2024-08-06 06:13:36,2,2,0,5,5
2024-08-06 06:13:38,2,2,0,5,5
2024-08-06 06:13:40,2,2,0,5,5
2024-08-06 06:13:42,2,2,0,5,5
2024-08-06 06:13:44,2,2,0,5,5
2024-08-06 06:13:46,2,2,0,5,5
2024-08-06 06:13:48,2,2,0,5,5
2024-08-06 06:13:50,2,2,0,5,5
2024-08-06 06:13:52,2,2,0,5,5
2024-08-06 06:13:54,2,2,0,5,5
2024-08-06 06:13:56,2,2,0,5,5
2024-08-06 06:13:58,2,2,0,5,5
2024-08-06 06:14:00,2,2,0,5,5
2024-08-06 06:14:02,2,2,0,5,5
2024-08-06 06:14:04,2,2,0,5,5
2024-08-06 06:14:06,0,0,0,2,2
2024-08-06 06:14:08,0,0,0,2,2
2024-08-06 06:14:10,0,0,0,2,2
2024-08-06 06:14:12,0,0,0,2,2
2024-08-06 06:14:14,0,0,0,2,2
2024-08-06 06:14:16,0,0,0,2,2
2024-08-06 06:14:18,0,0,0,2,2
2024-08-06 06:14:20,0,0,0,2,2
2024-08-06 06:14:22,0,0,0,2,2
2024-08-06 06:14:24,0,0,0,2,2
2024-08-06 06:14:26,0,0,0,2,2
2024-08-06 06:14:28,0,0,0,2,2
2024-08-06 06:14:30,0,0,0,2,2
2024-08-06 06:14:32,0,0,0,2,2
2024-08-06 06:14:34,0,0,0,2,2
2024-08-06 06:14:36,0,0,0,0,0
2024-08-06 06:14:38,0,0,0,0,0
2024-08-06 06:14:40,0,0,0,0,0
2024-08-06 06:14:42,0,0,0,0,0
2024-08-06 06:14:44,0,0,0,0,0
2024-08-06 06:14:46,0,0,0,0,0
2024-08-06 06:14:48,0,0,0,0,0
2024-08-06 06:14:50,0,0,0,0,0
2024-08-06 06:14:52,0,0,0,0,0
2024-08-06 06:14:54,0,0,0,0,0
2024-08-06 06:14:56,0,0,0,0,0
2024-08-06 06:14:58,0,0,0,0,0
2024-08-06 06:15:00,0,0,0,0,0
2024-08-06 06:15:02,0,0,0,0,0
2024-08-06 06:15:04,0,0,0,0,0
2024-08-06 06:15:06,0,0,0,0,0
2024-08-06 06:15:08,0,0,0,0,0
2024-08-06 06:15:10,0,0,0,0,0
2024-08-06 06:15:12,0,0,0,0,0
2024-08-06 06:15:14,0,0,0,0,0
2024-08-06 06:15:16,0,0,0,0,0
2024-08-06 06:15:18,0,0,0,0,0
2024-08-06 06:15:20,0,0,0,0,0
2024-08-06 06:15:22,0,0,0,0,0
2024-08-06 06:15:24,0,0,0,0,0
2024-08-06 06:15:26,0,0,0,0,0
2024-08-06 06:15:28,0,0,0,0,0
2024-08-06 06:15:30,0,0,0,0,0
2024-08-06 06:15:32,0,0,0,0,0
2024-08-06 06:15:34,0,0,0,0,0
2024-08-06 06:15:36,0,0,0,0,0
2024-08-06 06:15:38,0,0,0,0,0
2024-08-06 06:15:40,0,0,0,0,0
2024-08-06 06:15:42,0,0,0,0,0
2024-08-06 06:15:44,0,0,0,0,0
2024-08-06 06:15:46,0,0,0,0,0
2024-08-06 06:15:48,0,0,0,0,0
2024-08-06 06:15:50,0,0,0,0,0
2024-08-06 06:15:52,0,0,0,0,0
2024-08-06 06:15:54,0,0,0,0,0
2024-08-06 06:15:56,0,0,0,0,0
2024-08-06 06:15:58,0,0,0,0,0
2024-08-06 06:16:00,0,0,0,0,0
2024-08-06 06:16:02,0,0,0,0,0
2024-08-06 06:16:04,0,0,0,0,0
2024-08-06 06:16:06,0,0,0,0,0
2024-08-06 06:16:08,0,0,0,0,0
2024-08-06 06:16:10,0,0,0,0,0
2024-08-06 06:16:12,0,0,0,0,0
2024-08-06 06:16:14,0,0,0,0,0
2024-08-06 06:16:16,0,0,0,0,0
2024-08-06 06:16:18,0,0,0,0,0
2024-08-06 06:16:20,0,0,0,0,0
2024-08-06 06:16:22,0,0,0,0,0
2024-08-06 06:16:24,0,0,0,0,0
2024-08-06 06:16:26,0,0,0,0,0
2024-08-06 06:16:28,0,0,0,0,0
2024-08-06 06:16:30,0,0,0,0,0
2024-08-06 06:16:32,0,0,0,0,0
2024-08-06 06:16:34,0,0,0,0,0
2024-08-06 06:16:36,0,0,0,0,0
2024-08-06 06:16:38,0,0,0,0,0
2024-08-06 06:16:40,0,0,0,0,0
2024-08-06 06:16:42,0,0,0,0,0
2024-08-06 06:16:44,0,0,0,0,0
2024-08-06 06:16:46,0,0,0,0,0
2024-08-06 06:16:48,0,0,0,0,0
2024-08-06 06:16:50,0,0,0,0,0
2024-08-06 06:16:52,0,0,0,0,0
2024-08-06 06:16:54,0,0,0,0,0
2024-08-06 06:16:56,0,0,0,0,0
2024-08-06 06:16:58,0,0,0,0,0
2024-08-06 06:17:00,0,0,0,0,0
2024-08-06 06:17:02,0,0,0,0,0
2024-08-06 06:17:04,0,0,0,0,0
2024-08-06 06:17:06,0,0,0,0,0
2024-08-06 06:17:08,0,0,0,0,0
2024-08-06 06:17:10,0,0,0,0,0
2024-08-06 06:17:12,0,0,0,0,0
2024-08-06 06:17:14,0,0,0,0,0
2024-08-06 06:17:16,0,0,0,0,0
2024-08-06 06:17:18,0,0,0,0,0
2024-08-06 06:17:20,0,0,0,0,0
2024-08-06 06:17:22,0,0,0,0,0
2024-08-06 06:17:24,0,0,0,0,0
2024-08-06 06:17:26,0,0,0,0,0
2024-08-06 06:17:28,0,0,0,0,0
2024-08-06 06:17:30,0,0,0,0,0
2024-08-06 06:17:32,0,0,0,0,0
2024-08-06 06:17:34,0,0,0,0,0
2024-08-06 06:17:36,0,0,0,0,0
2024-08-06 06:17:38,0,0,0,0,0
2024-08-06 06:17:40,0,0,0,0,0
2024-08-06 06:17:42,0,0,0,0,0
2024-08-06 06:17:44,0,0,0,0,0
2024-08-06 06:17:46,0,0,0,0,0
2024-08-06 06:17:48,0,0,0,0,0
2024-08-06 06:17:50,0,0,0,0,0
2024-08-06 06:17:52,0,0,0,0,0
2024-08-06 06:17:54,0,0,0,0,0
2024-08-06 06:17:56,0,0,0,0,0
2024-08-06 06:17:58,0,0,0,0,0
2024-08-06 06:18:00,0,0,0,0,0
2024-08-06 06:18:02,0,0,0,0,0
2024-08-06 06:18:04,0,0,0,0,0
2024-08-06 06:18:06,0,0,0,0,0
2024-08-06 06:18:08,0,0,0,0,0
2024-08-06 06:18:10,0,0,0,0,0
2024-08-06 06:18:12,0,0,0,0,0
2024-08-06 06:18:14,0,0,0,0,0
2024-08-06 06:18:16,0,0,0,0,0
2024-08-06 06:18:18,0,0,0,0,0
2024-08-06 06:18:20,0,0,0,0,0
2024-08-06 06:18:22,0,0,0,0,0
2024-08-06 06:18:24,0,0,0,0,0
2024-08-06 06:18:26,0,0,0,0,0
2024-08-06 06:18:28,0,0,0,0,0
2024-08-06 06:18:30,0,0,0,0,0
2024-08-06 06:18:32,0,0,0,0,0
2024-08-06 06:18:34,0,0,0,0,0
2024-08-06 06:18:36,0,0,0,0,0
2024-08-06 06:18:38,0,0,0,0,0
2024-08-06 06:18:40,0,0,0,0,0
2024-08-06 06:18:42,0,0,0,0,0
2024-08-06 06:18:44,0,0,0,0,0
2024-08-06 06:18:46,0,0,0,0,0
2024-08-06 06:18:48,0,0,0,0,0
2024-08-06 06:18:50,0,0,0,0,0
2024-08-06 06:18:52,0,0,0,0,0
2024-08-06 06:18:54,0,0,0,0,0
2024-08-06 06:18:56,0,0,0,0,0
2024-08-06 06:18:58,0,0,0,0,0
2024-08-06 06:19:00,0,0,0,0,0
2024-08-06 06:19:02,0,0,0,0,0
2024-08-06 06:19:04,0,0,0,0,0
2024-08-06 06:19:06,0,0,0,0,0
2024-08-06 06:19:08,0,0,0,0,0
2024-08-06 06:19:10,0,0,0,0,0
2024-08-06 06:19:12,0,0,0,0,0
2024-08-06 06:19:14,0,0,0,0,0
2024-08-06 06:19:16,0,0,0,0,0
2024-08-06 06:19:18,0,0,0,0,0
2024-08-06 06:19:20,0,0,0,0,0
2024-08-06 06:19:22,0,0,0,0,0
2024-08-06 06:19:24,0,0,0,0,0
2024-08-06 06:19:26,0,0,0,0,0
2024-08-06 06:19:28,0,0,0,0,0
2024-08-06 06:19:30,0,0,0,0,0
2024-08-06 06:19:32,0,0,0,0,0
2024-08-06 06:19:34,0,0,0,0,0
2024-08-06 06:19:36,1,3,1,2,0
2024-08-06 06:19:38,1,3,1,2,0
2024-08-06 06:19:40,1,3,1,2,0
2024-08-06 06:19:42,1,3,1,2,0
2024-08-06 06:19:44,1,3,1,2,0
2024-08-06 06:19:46,1,3,1,2,0
2024-08-06 06:19:48,1,3,1,2,0
2024-08-06 06:19:50,1,3,1,2,0
2024-08-06 06:19:52,1,3,1,2,0
2024-08-06 06:19:54,1,3,1,2,0
2024-08-06 06:19:56,1,3,1,2,0
2024-08-06 06:19:58,1,3,1,2,0
2024-08-06 06:20:00,1,3,1,2,0
2024-08-06 06:20:02,1,3,1,2,0
2024-08-06 06:20:04,1,3,1,2,0
2024-08-06 06:20:06,10,14,3,3,0
2024-08-06 06:20:08,10,14,3,3,0
2024-08-06 06:20:10,10,14,3,3,0
2024-08-06 06:20:12,10,14,3,3,0
2024-08-06 06:20:14,10,14,3,3,0
2024-08-06 06:20:16,10,14,3,3,0
2024-08-06 06:20:18,10,14,3,3,0
2024-08-06 06:20:20,10,14,3,3,0
2024-08-06 06:20:22,10,14,3,3,0
2024-08-06 06:20:24,10,14,3,3,0
2024-08-06 06:20:26,10,14,3,3,0
2024-08-06 06:20:28,10,14,3,3,0
2024-08-06 06:20:30,10,14,3,3,0
2024-08-06 06:20:32,10,14,3,3,0
2024-08-06 06:20:34,10,14,3,3,0
2024-08-06 06:20:36,14,24,10,10,0
2024-08-06 06:20:38,14,24,10,10,0
2024-08-06 06:20:40,14,24,10,10,0
2024-08-06 06:20:42,14,24,10,10,0
2024-08-06 06:20:44,14,24,10,10,0
2024-08-06 06:20:46,14,24,10,10,0
2024-08-06 06:20:48,14,24,10,10,0
2024-08-06 06:20:50,14,24,10,10,0
2024-08-06 06:20:52,14,24,10,10,0
2024-08-06 06:20:54,14,24,10,10,0
2024-08-06 06:20:56,14,24,10,10,0
2024-08-06 06:20:58,14,24,10,10,0
2024-08-06 06:21:00,14,24,10,10,0
2024-08-06 06:21:02,14,24,10,10,0
2024-08-06 06:21:04,14,24,10,10,0
2024-08-06 06:21:06,15,22,13,15,2
2024-08-06 06:21:08,15,22,13,15,2
2024-08-06 06:21:10,15,22,13,15,2
2024-08-06 06:21:12,15,22,13,15,2
2024-08-06 06:21:14,15,22,13,15,2
2024-08-06 06:21:16,15,22,13,15,2
2024-08-06 06:21:18,15,22,13,15,2
2024-08-06 06:21:20,15,22,13,15,2
2024-08-06 06:21:22,15,22,13,15,2
2024-08-06 06:21:24,15,22,13,15,2
2024-08-06 06:21:26,15,22,13,15,2
2024-08-06 06:21:28,15,22,13,15,2
2024-08-06 06:21:30,15,22,13,15,2
2024-08-06 06:21:32,15,22,13,15,2
2024-08-06 06:21:34,15,22,13,15,2
2024-08-06 06:21:36,16,23,8,15,7
2024-08-06 06:21:38,16,23,8,15,7
2024-08-06 06:21:40,16,23,8,15,7
2024-08-06 06:21:42,16,23,8,15,7
2024-08-06 06:21:44,16,23,8,15,7
2024-08-06 06:21:46,16,23,8,15,7
2024-08-06 06:21:48,16,23,8,15,7
2024-08-06 06:21:50,16,23,8,15,7
2024-08-06 06:21:52,16,23,8,15,7
2024-08-06 06:21:54,16,23,8,15,7
2024-08-06 06:21:56,16,23,8,15,7
2024-08-06 06:21:58,16,23,8,15,7
2024-08-06 06:22:00,16,23,8,15,7
2024-08-06 06:22:02,16,23,8,15,7
2024-08-06 06:22:04,16,23,8,15,7
2024-08-06 06:22:06,16,23,7,15,8
2024-08-06 06:22:08,16,23,7,15,8
2024-08-06 06:22:10,16,23,7,15,8
2024-08-06 06:22:12,16,23,7,15,8
2024-08-06 06:22:14,16,23,7,15,8
2024-08-06 06:22:16,16,23,7,15,8
2024-08-06 06:22:18,16,23,7,15,8
2024-08-06 06:22:20,16,23,7,15,8
2024-08-06 06:22:22,16,23,7,15,8
2024-08-06 06:22:24,16,23,7,15,8
2024-08-06 06:22:26,16,23,7,15,8
2024-08-06 06:22:28,16,23,7,15,8
2024-08-06 06:22:30,16,23,7,15,8
2024-08-06 06:22:32,16,23,7,15,8
2024-08-06 06:22:34,16,23,7,15,8
2024-08-06 06:22:36,16,23,7,7,0
2024-08-06 06:22:38,16,23,7,7,0
2024-08-06 06:22:40,16,23,7,7,0
2024-08-06 06:22:42,16,23,7,7,0
2024-08-06 06:22:44,16,23,7,7,0
2024-08-06 06:22:46,16,23,7,7,0
2024-08-06 06:22:48,16,23,7,7,0
2024-08-06 06:22:50,16,23,7,7,0
2024-08-06 06:22:52,16,23,7,7,0
2024-08-06 06:22:54,16,23,7,7,0
2024-08-06 06:22:56,16,23,7,7,0
2024-08-06 06:22:58,16,23,7,7,0
2024-08-06 06:23:00,16,23,7,7,0
2024-08-06 06:23:02,16,23,7,7,0
2024-08-06 06:23:04,16,23,7,7,0
2024-08-06 06:23:06,16,23,7,7,0
2024-08-06 06:23:08,16,23,7,7,0
2024-08-06 06:23:10,16,23,7,7,0
2024-08-06 06:23:12,16,23,7,7,0
2024-08-06 06:23:14,16,23,7,7,0
2024-08-06 06:23:16,16,23,7,7,0
2024-08-06 06:23:18,16,23,7,7,0
2024-08-06 06:23:20,16,23,7,7,0
2024-08-06 06:23:22,16,23,7,7,0
2024-08-06 06:23:24,16,23,7,7,0
2024-08-06 06:23:26,16,23,7,7,0
2024-08-06 06:23:28,16,23,7,7,0
2024-08-06 06:23:30,16,23,7,7,0
2024-08-06 06:23:32,16,23,7,7,0
2024-08-06 06:23:34,16,23,7,7,0
2024-08-06 06:23:36,16,23,5,7,0
2024-08-06 06:23:38,16,23,5,7,0
2024-08-06 06:23:40,16,23,5,7,0
2024-08-06 06:23:42,16,23,5,7,0
2024-08-06 06:23:44,16,23,5,7,0
2024-08-06 06:23:46,16,23,5,7,0
2024-08-06 06:23:48,16,23,5,7,0
2024-08-06 06:23:50,16,23,5,7,0
2024-08-06 06:23:52,16,23,5,7,0
2024-08-06 06:23:54,16,23,5,7,0
2024-08-06 06:23:56,16,23,5,7,0
2024-08-06 06:23:58,16,23,5,7,0
2024-08-06 06:24:00,16,23,5,7,0
2024-08-06 06:24:02,16,23,5,7,0
2024-08-06 06:24:04,16,23,5,7,0
2024-08-06 06:24:06,19,23,4,4,0
2024-08-06 06:24:08,19,23,4,4,0
2024-08-06 06:24:10,19,23,4,4,0
2024-08-06 06:24:12,19,23,4,4,0
2024-08-06 06:24:14,19,23,4,4,0
2024-08-06 06:24:16,19,23,4,4,0
2024-08-06 06:24:18,19,23,4,4,0
2024-08-06 06:24:20,19,23,4,4,0
2024-08-06 06:24:22,19,23,4,4,0
2024-08-06 06:24:24,19,23,4,4,0
2024-08-06 06:24:26,19,23,4,4,0
2024-08-06 06:24:28,19,23,4,4,0
2024-08-06 06:24:30,19,23,4,4,0
2024-08-06 06:24:32,19,23,4,4,0
2024-08-06 06:24:34,19,23,4,4,0
2024-08-06 06:24:36,19,23,1,4,0
2024-08-06 06:24:38,19,23,1,4,0
2024-08-06 06:24:40,19,23,1,4,0
2024-08-06 06:24:42,19,23,1,4,0
2024-08-06 06:24:44,19,23,1,4,0
2024-08-06 06:24:46,19,23,1,4,0
2024-08-06 06:24:48,19,23,1,4,0
2024-08-06 06:24:50,19,23,1,4,0
2024-08-06 06:24:52,19,23,1,4,0
2024-08-06 06:24:54,19,23,1,4,0
2024-08-06 06:24:56,19,23,1,4,0
2024-08-06 06:24:58,19,23,1,4,0
2024-08-06 06:25:00,19,23,1,4,0
2024-08-06 06:25:02,19,23,1,4,0
2024-08-06 06:25:04,19,23,1,4,0
2024-08-06 06:25:06,20,23,0,3,0
2024-08-06 06:25:08,20,23,0,3,0
2024-08-06 06:25:10,20,23,0,3,0
2024-08-06 06:25:12,20,23,0,3,0
2024-08-06 06:25:14,20,23,0,3,0
2024-08-06 06:25:16,20,23,0,3,0
2024-08-06 06:25:18,20,23,0,3,0
2024-08-06 06:25:20,20,23,0,3,0
2024-08-06 06:25:22,20,23,0,3,0
2024-08-06 06:25:24,20,23,0,3,0
2024-08-06 06:25:26,20,23,0,3,0
2024-08-06 06:25:28,20,23,0,3,0
2024-08-06 06:25:30,20,23,0,3,0
2024-08-06 06:25:32,20,23,0,3,0
2024-08-06 06:25:34,20,23,0,3,0
2024-08-06 06:25:36,22,23,0,1,0
2024-08-06 06:25:38,22,23,0,1,0
2024-08-06 06:25:40,22,23,0,1,0
2024-08-06 06:25:42,22,23,0,1,0
2024-08-06 06:25:44,22,23,0,1,0
2024-08-06 06:25:46,22,23,0,1,0
2024-08-06 06:25:48,22,23,0,1,0
2024-08-06 06:25:50,22,23,0,1,0
2024-08-06 06:25:52,22,23,0,1,0
2024-08-06 06:25:54,22,23,0,1,0
2024-08-06 06:25:56,22,23,0,1,0
2024-08-06 06:25:58,22,23,0,1,0
2024-08-06 06:26:00,22,23,0,1,0
2024-08-06 06:26:02,22,23,0,1,0
2024-08-06 06:26:04,22,23,0,1,0
2024-08-06 06:26:06,23,23,0,0,0
2024-08-06 06:26:08,23,23,0,0,0
2024-08-06 06:26:10,23,23,0,0,0
2024-08-06 06:26:12,23,23,0,0,0
2024-08-06 06:26:14,23,23,0,0,0
2024-08-06 06:26:16,23,23,0,0,0
2024-08-06 06:26:18,23,23,0,0,0
2024-08-06 06:26:20,23,23,0,0,0
2024-08-06 06:26:22,23,23,0,0,0
2024-08-06 06:26:24,23,23,0,0,0
2024-08-06 06:26:26,23,23,0,0,0
2024-08-06 06:26:28,23,23,0,0,0
2024-08-06 06:26:30,23,23,0,0,0
2024-08-06 06:26:32,23,23,0,0,0
2024-08-06 06:26:34,23,23,0,0,0
2024-08-06 06:26:36,21,21,0,2,2
2024-08-06 06:26:38,21,21,0,2,2
2024-08-06 06:26:40,21,21,0,2,2
2024-08-06 06:26:42,21,21,0,2,2
2024-08-06 06:26:44,21,21,0,2,2
2024-08-06 06:26:46,21,21,0,2,2
2024-08-06 06:26:48,21,21,0,2,2
2024-08-06 06:26:50,21,21,0,2,2
2024-08-06 06:26:52,21,21,0,2,2
2024-08-06 06:26:54,21,21,0,2,2
2024-08-06 06:26:56,21,21,0,2,2
2024-08-06 06:26:58,21,21,0,2,2
2024-08-06 06:27:00,21,21,0,2,2
2024-08-06 06:27:02,21,21,0,2,2
2024-08-06 06:27:04,21,21,0,2,2
2024-08-06 06:27:06,21,21,0,2,2
2024-08-06 06:27:08,21,21,0,2,2
2024-08-06 06:27:10,21,21,0,2,2
2024-08-06 06:27:12,21,21,0,2,2
2024-08-06 06:27:14,21,21,0,2,2
2024-08-06 06:27:16,21,21,0,2,2
2024-08-06 06:27:18,21,21,0,2,2
2024-08-06 06:27:20,21,21,0,2,2
2024-08-06 06:27:22,21,21,0,2,2
2024-08-06 06:27:24,21,21,0,2,2
2024-08-06 06:27:26,21,21,0,2,2
2024-08-06 06:27:28,21,21,0,2,2
2024-08-06 06:27:30,21,21,0,2,2
2024-08-06 06:27:32,21,21,0,2,2
2024-08-06 06:27:34,21,21,0,2,2
2024-08-06 06:27:36,0,0,0,16,16
2024-08-06 06:27:38,0,0,0,16,16
2024-08-06 06:27:40,0,0,0,16,16
2024-08-06 06:27:42,0,0,0,16,16
2024-08-06 06:27:44,0,0,0,16,16
2024-08-06 06:27:46,0,0,0,16,16
2024-08-06 06:27:48,0,0,0,16,16
2024-08-06 06:27:50,0,0,0,16,16
2024-08-06 06:27:52,0,0,0,16,16
2024-08-06 06:27:54,0,0,0,16,16
2024-08-06 06:27:56,0,0,0,16,16
2024-08-06 06:27:58,0,0,0,16,16
2024-08-06 06:28:00,0,0,0,16,16
2024-08-06 06:28:02,0,0,0,16,16
2024-08-06 06:28:04,0,0,0,16,16
2024-08-06 06:28:06,0,0,0,0,0
2024-08-06 06:28:08,0,0,0,0,0
2024-08-06 06:28:10,0,0,0,0,0
2024-08-06 06:28:12,0,0,0,0,0
2024-08-06 06:28:14,0,0,0,0,0
2024-08-06 06:28:16,0,0,0,0,0
2024-08-06 06:28:18,0,0,0,0,0
2024-08-06 06:28:20,0,0,0,0,0
2024-08-06 06:28:22,0,0,0,0,0
2024-08-06 06:28:24,0,0,0,0,0
2024-08-06 06:28:26,0,0,0,0,0
2024-08-06 06:28:28,0,0,0,0,0
2024-08-06 06:28:30,0,0,0,0,0
2024-08-06 06:28:32,0,0,0,0,0
2024-08-06 06:28:34,0,0,0,0,0
2024-08-06 06:28:36,0,0,0,0,0
2024-08-06 06:28:38,0,0,0,0,0
2024-08-06 06:28:40,0,0,0,0,0
2024-08-06 06:28:42,0,0,0,0,0
2024-08-06 06:28:44,0,0,0,0,0
2024-08-06 06:28:46,0,0,0,0,0
2024-08-06 06:28:48,0,0,0,0,0
2024-08-06 06:28:50,0,0,0,0,0
2024-08-06 06:28:52,0,0,0,0,0
2024-08-06 06:28:54,0,0,0,0,0
2024-08-06 06:28:56,0,0,0,0,0
2024-08-06 06:28:58,0,0,0,0,0
2024-08-06 06:29:00,0,0,0,0,0
2024-08-06 06:29:02,0,0,0,0,0
2024-08-06 06:29:04,0,0,0,0,0
2024-08-06 06:29:06,0,0,0,0,0
2024-08-06 06:29:08,0,0,0,0,0
2024-08-06 06:29:10,0,0,0,0,0
2024-08-06 06:29:12,0,0,0,0,0
2024-08-06 06:29:14,0,0,0,0,0
2024-08-06 06:29:16,0,0,0,0,0
2024-08-06 06:29:18,0,0,0,0,0
2024-08-06 06:29:20,0,0,0,0,0
2024-08-06 06:29:22,0,0,0,0,0
2024-08-06 06:29:24,0,0,0,0,0
2024-08-06 06:29:26,0,0,0,0,0
2024-08-06 06:29:28,0,0,0,0,0
2024-08-06 06:29:30,0,0,0,0,0
2024-08-06 06:29:32,0,0,0,0,0
2024-08-06 06:29:34,0,0,0,0,0
2024-08-06 06:29:36,0,0,0,0,0
2024-08-06 06:29:38,0,0,0,0,0
2024-08-06 06:29:40,0,0,0,0,0
2024-08-06 06:29:42,0,0,0,0,0
2024-08-06 06:29:44,0,0,0,0,0
2024-08-06 06:29:46,0,0,0,0,0
2024-08-06 06:29:48,0,0,0,0,0
2024-08-06 06:29:50,0,0,0,0,0
2024-08-06 06:29:52,0,0,0,0,0
2024-08-06 06:29:54,0,0,0,0,0
2024-08-06 06:29:56,0,0,0,0,0
2024-08-06 06:29:58,0,0,0,0,0
2024-08-06 06:30:00,0,0,0,0,0
2024-08-06 06:30:02,0,0,0,0,0
2024-08-06 06:30:04,0,0,0,0,0
2024-08-06 06:30:06,0,0,0,0,0
2024-08-06 06:30:08,0,0,0,0,0
2024-08-06 06:30:10,0,0,0,0,0
2024-08-06 06:30:12,0,0,0,0,0
2024-08-06 06:30:14,0,0,0,0,0
2024-08-06 06:30:16,0,0,0,0,0
2024-08-06 06:30:18,0,0,0,0,0
2024-08-06 06:30:20,0,0,0,0,0
2024-08-06 06:30:22,0,0,0,0,0
2024-08-06 06:30:24,0,0,0,0,0
2024-08-06 06:30:26,0,0,0,0,0
2024-08-06 06:30:28,0,0,0,0,0
2024-08-06 06:30:30,0,0,0,0,0
2024-08-06 06:30:32,0,0,0,0,0
2024-08-06 06:30:34,0,0,0,0,0
2024-08-06 06:30:36,0,0,0,0,0
2024-08-06 06:30:38,0,0,0,0,0
2024-08-06 06:30:40,0,0,0,0,0
2024-08-06 06:30:42,0,0,0,0,0
2024-08-06 06:30:44,0,0,0,0,0
2024-08-06 06:30:46,0,0,0,0,0
2024-08-06 06:30:48,0,0,0,0,0
2024-08-06 06:30:50,0,0,0,0,0
2024-08-06 06:30:52,0,0,0,0,0
2024-08-06 06:30:54,0,0,0,0,0
2024-08-06 06:30:56,0,0,0,0,0
2024-08-06 06:30:58,0,0,0,0,0
2024-08-06 06:31:00,0,0,0,0,0
2024-08-06 06:31:02,0,0,0,0,0
2024-08-06 06:31:04,0,0,0,0,0
2024-08-06 06:31:06,0,0,0,0,0
2024-08-06 06:31:08,0,0,0,0,0
2024-08-06 06:31:10,0,0,0,0,0
2024-08-06 06:31:12,0,0,0,0,0
2024-08-06 06:31:14,0,0,0,0,0
2024-08-06 06:31:16,0,0,0,0,0
2024-08-06 06:31:18,0,0,0,0,0
2024-08-06 06:31:20,0,0,0,0,0
2024-08-06 06:31:22,0,0,0,0,0
2024-08-06 06:31:24,0,0,0,0,0
2024-08-06 06:31:26,0,0,0,0,0
2024-08-06 06:31:28,0,0,0,0,0
2024-08-06 06:31:30,0,0,0,0,0
2024-08-06 06:31:32,0,0,0,0,0
2024-08-06 06:31:34,0,0,0,0,0
2024-08-06 06:31:36,0,0,0,0,0
2024-08-06 06:31:38,0,0,0,0,0
2024-08-06 06:31:40,0,0,0,0,0
2024-08-06 06:31:42,0,0,0,0,0
2024-08-06 06:31:44,0,0,0,0,0
2024-08-06 06:31:46,0,0,0,0,0
2024-08-06 06:31:48,0,0,0,0,0
2024-08-06 06:31:50,0,0,0,0,0
2024-08-06 06:31:52,0,0,0,0,0
2024-08-06 06:31:54,0,0,0,0,0
2024-08-06 06:31:56,0,0,0,0,0
2024-08-06 06:31:58,0,0,0,0,0
2024-08-06 06:32:00,0,0,0,0,0
2024-08-06 06:32:02,0,0,0,0,0
2024-08-06 06:32:04,0,0,0,0,0
2024-08-06 06:32:06,0,0,0,0,0
2024-08-06 06:32:08,0,0,0,0,0
2024-08-06 06:32:10,0,0,0,0,0
2024-08-06 06:32:12,0,0,0,0,0
2024-08-06 06:32:14,0,0,0,0,0
2024-08-06 06:32:16,0,0,0,0,0
2024-08-06 06:32:18,0,0,0,0,0
2024-08-06 06:32:20,0,0,0,0,0
2024-08-06 06:32:22,0,0,0,0,0
2024-08-06 06:32:24,0,0,0,0,0
2024-08-06 06:32:26,0,0,0,0,0
2024-08-06 06:32:28,0,0,0,0,0
2024-08-06 06:32:30,0,0,0,0,0
2024-08-06 06:32:32,0,0,0,0,0
2024-08-06 06:32:34,0,0,0,0,0
2024-08-06 06:32:36,0,0,0,0,0
2024-08-06 06:32:38,0,0,0,0,0
2024-08-06 06:32:40,0,0,0,0,0
2024-08-06 06:32:42,0,0,0,0,0
2024-08-06 06:32:44,0,0,0,0,0
2024-08-06 06:32:46,0,0,0,0,0
2024-08-06 06:32:48,0,0,0,0,0
2024-08-06 06:32:50,0,0,0,0,0
2024-08-06 06:32:52,0,0,0,0,0
2024-08-06 06:32:54,0,0,0,0,0
2024-08-06 06:32:56,0,0,0,0,0
2024-08-06 06:32:58,0,0,0,0,0
2024-08-06 06:33:00,0,0,0,0,0
2024-08-06 06:33:02,0,0,0,0,0
2024-08-06 06:33:04,0,0,0,0,0
2024-08-06 06:33:06,0,0,0,0,0
2024-08-06 06:33:08,0,0,0,0,0
2024-08-06 06:33:10,0,0,0,0,0
2024-08-06 06:33:12,0,0,0,0,0
2024-08-06 06:33:14,0,0,0,0,0
2024-08-06 06:33:16,0,0,0,0,0
2024-08-06 06:33:18,0,0,0,0,0
2024-08-06 06:33:20,0,0,0,0,0
2024-08-06 06:33:22,0,0,0,0,0
2024-08-06 06:33:24,0,0,0,0,0
2024-08-06 06:33:26,0,0,0,0,0
2024-08-06 06:33:28,0,0,0,0,0
2024-08-06 06:33:30,0,0,0,0,0
2024-08-06 06:33:32,0,0,0,0,0
2024-08-06 06:33:34,0,0,0,0,0
2024-08-06 06:33:36,0,0,0,0,0
2024-08-06 06:33:38,0,0,0,0,0
2024-08-06 06:33:40,0,0,0,0,0
2024-08-06 06:33:42,0,0,0,0,0
2024-08-06 06:33:44,0,0,0,0,0
2024-08-06 06:33:46,0,0,0,0,0
2024-08-06 06:33:48,0,0,0,0,0
2024-08-06 06:33:50,0,0,0,0,0
2024-08-06 06:33:52,0,0,0,0,0
2024-08-06 06:33:54,0,0,0,0,0
2024-08-06 06:33:56,0,0,0,0,0
2024-08-06 06:33:58,0,0,0,0,0
2024-08-06 06:34:00,0,0,0,0,0
2024-08-06 06:34:02,0,0,0,0,0
2024-08-06 06:34:04,0,0,0,0,0
2024-08-06 06:34:06,0,0,0,0,0
2024-08-06 06:34:08,0,0,0,0,0
2024-08-06 06:34:10,0,0,0,0,0
2024-08-06 06:34:12,0,0,0,0,0
2024-08-06 06:34:14,0,0,0,0,0
2024-08-06 06:34:16,0,0,0,0,0
2024-08-06 06:34:18,0,0,0,0,0
2024-08-06 06:34:20,0,0,0,0,0
2024-08-06 06:34:22,0,0,0,0,0
2024-08-06 06:34:24,0,0,0,0,0
2024-08-06 06:34:26,0,0,0,0,0
2024-08-06 06:34:28,0,0,0,0,0
2024-08-06 06:34:30,0,0,0,0,0
2024-08-06 06:34:32,0,0,0,0,0
2024-08-06 06:34:34,0,0,0,0,0
2024-08-06 06:34:36,5,8,3,3,0
2024-08-06 06:34:38,5,8,3,3,0
2024-08-06 06:34:40,5,8,3,3,0
2024-08-06 06:34:42,5,8,3,3,0
2024-08-06 06:34:44,5,8,3,3,0
2024-08-06 06:34:46,5,8,3,3,0
2024-08-06 06:34:48,5,8,3,3,0
2024-08-06 06:34:50,5,8,3,3,0
2024-08-06 06:34:52,5,8,3,3,0
2024-08-06 06:34:54,5,8,3,3,0
2024-08-06 06:34:56,5,8,3,3,0
2024-08-06 06:34:58,5,8,3,3,0
2024-08-06 06:35:00,5,8,3,3,0
2024-08-06 06:35:02,5,8,3,3,0
2024-08-06 06:35:04,5,8,3,3,0
2024-08-06 06:35:06,9,25,14,15,0
2024-08-06 06:35:08,9,25,14,15,0
2024-08-06 06:35:10,9,25,14,15,0
2024-08-06 06:35:12,9,25,14,15,0
2024-08-06 06:35:14,9,25,14,15,0
2024-08-06 06:35:16,9,25,14,15,0
2024-08-06 06:35:18,9,25,14,15,0
2024-08-06 06:35:20,9,25,14,15,0
2024-08-06 06:35:22,9,25,14,15,0
2024-08-06 06:35:24,9,25,14,15,0
2024-08-06 06:35:26,9,25,14,15,0
2024-08-06 06:35:28,9,25,14,15,0
2024-08-06 06:35:30,9,25,14,15,0
2024-08-06 06:35:32,9,25,14,15,0
2024-08-06 06:35:34,9,25,14,15,0
2024-08-06 06:35:36,11,41,27,30,0
2024-08-06 06:35:38,11,41,27,30,0
2024-08-06 06:35:40,11,41,27,30,0
2024-08-06 06:35:42,11,41,27,30,0
2024-08-06 06:35:44,11,41,27,30,0
2024-08-06 06:35:46,11,41,27,30,0
2024-08-06 06:35:48,11,41,27,30,0
2024-08-06 06:35:50,11,41,27,30,0
2024-08-06 06:35:52,11,41,27,30,0
2024-08-06 06:35:54,11,41,27,30,0
2024-08-06 06:35:56,11,41,27,30,0
2024-08-06 06:35:58,11,41,27,30,0
2024-08-06 06:36:00,11,41,27,30,0
2024-08-06 06:36:02,11,41,27,30,0
2024-08-06 06:36:04,11,41,27,30,0
2024-08-06 06:36:06,11,49,33,38,0
2024-08-06 06:36:08,11,49,33,38,0
2024-08-06 06:36:10,11,49,33,38,0
2024-08-06 06:36:12,11,49,33,38,0
2024-08-06 06:36:14,11,49,33,38,0
2024-08-06 06:36:16,11,49,33,38,0
2024-08-06 06:36:18,11,49,33,38,0
2024-08-06 06:36:20,11,49,33,38,0
2024-08-06 06:36:22,11,49,33,38,0
2024-08-06 06:36:24,11,49,33,38,0
2024-08-06 06:36:26,11,49,33,38,0
2024-08-06 06:36:28,11,49,33,38,0
2024-08-06 06:36:30,11,49,33,38,0
2024-08-06 06:36:32,11,49,33,38,0
2024-08-06 06:36:34,11,49,33,38,0
2024-08-06 06:36:36,13,49,33,36,0
2024-08-06 06:36:38,13,49,33,36,0
2024-08-06 06:36:40,13,49,33,36,0
2024-08-06 06:36:42,13,49,33,36,0
2024-08-06 06:36:44,13,49,33,36,0
2024-08-06 06:36:46,13,49,33,36,0
2024-08-06 06:36:48,13,49,33,36,0
2024-08-06 06:36:50,13,49,33,36,0
2024-08-06 06:36:52,13,49,33,36,0
2024-08-06 06:36:54,13,49,33,36,0
2024-08-06 06:36:56,13,49,33,36,0
2024-08-06 06:36:58,13,49,33,36,0
2024-08-06 06:37:00,13,49,33,36,0
2024-08-06 06:37:02,13,49,33,36,0
2024-08-06 06:37:04,13,49,33,36,0
2024-08-06 06:37:06,14,49,31,35,0
2024-08-06 06:37:08,14,49,31,35,0
2024-08-06 06:37:10,14,49,31,35,0
2024-08-06 06:37:12,14,49,31,35,0
2024-08-06 06:37:14,14,49,31,35,0
2024-08-06 06:37:16,14,49,31,35,0
2024-08-06 06:37:18,14,49,31,35,0
2024-08-06 06:37:20,14,49,31,35,0
2024-08-06 06:37:22,14,49,31,35,0
2024-08-06 06:37:24,14,49,31,35,0
2024-08-06 06:37:26,14,49,31,35,0
2024-08-06 06:37:28,14,49,31,35,0
2024-08-06 06:37:30,14,49,31,35,0
2024-08-06 06:37:32,14,49,31,35,0
2024-08-06 06:37:34,14,49,31,35,0
2024-08-06 06:37:36,14,49,31,35,0
2024-08-06 06:37:38,14,49,31,35,0
2024-08-06 06:37:40,14,49,31,35,0
2024-08-06 06:37:42,14,49,31,35,0
2024-08-06 06:37:44,14,49,31,35,0
2024-08-06 06:37:46,14,49,31,35,0
2024-08-06 06:37:48,14,49,31,35,0
2024-08-06 06:37:50,14,49,31,35,0
2024-08-06 06:37:52,14,49,31,35,0
2024-08-06 06:37:54,14,49,31,35,0
2024-08-06 06:37:56,14,49,31,35,0
2024-08-06 06:37:58,14,49,31,35,0
2024-08-06 06:38:00,14,49,31,35,0
2024-08-06 06:38:02,14,49,31,35,0
2024-08-06 06:38:04,14,49,31,35,0
2024-08-06 06:38:06,14,49,31,35,0
2024-08-06 06:38:08,14,49,31,35,0
2024-08-06 06:38:10,14,49,31,35,0
2024-08-06 06:38:12,14,49,31,35,0
2024-08-06 06:38:14,14,49,31,35,0
2024-08-06 06:38:16,14,49,31,35,0
2024-08-06 06:38:18,14,49,31,35,0
2024-08-06 06:38:20,14,49,31,35,0
2024-08-06 06:38:22,14,49,31,35,0
2024-08-06 06:38:24,14,49,31,35,0
2024-08-06 06:38:26,14,49,31,35,0
2024-08-06 06:38:28,14,49,31,35,0
2024-08-06 06:38:30,14,49,31,35,0
2024-08-06 06:38:32,14,49,31,35,0
2024-08-06 06:38:34,14,49,31,35,0
2024-08-06 06:38:36,14,49,31,35,0
2024-08-06 06:38:38,14,49,31,35,0
2024-08-06 06:38:40,14,49,31,35,0
2024-08-06 06:38:42,14,49,31,35,0
2024-08-06 06:38:44,14,49,31,35,0
2024-08-06 06:38:46,14,49,31,35,0
2024-08-06 06:38:48,14,49,31,35,0
2024-08-06 06:38:50,14,49,31,35,0
2024-08-06 06:38:52,14,49,31,35,0
2024-08-06 06:38:54,14,49,31,35,0
2024-08-06 06:38:56,14,49,31,35,0
2024-08-06 06:38:58,14,49,31,35,0
2024-08-06 06:39:00,14,49,31,35,0
2024-08-06 06:39:02,14,49,31,35,0
2024-08-06 06:39:04,14,49,31,35,0
2024-08-06 06:39:06,14,49,31,35,0
2024-08-06 06:39:08,14,49,31,35,0
2024-08-06 06:39:10,14,49,31,35,0
2024-08-06 06:39:12,14,49,31,35,0
2024-08-06 06:39:14,14,49,31,35,0
2024-08-06 06:39:16,14,49,31,35,0
2024-08-06 06:39:18,14,49,31,35,0
2024-08-06 06:39:20,14,49,31,35,0
2024-08-06 06:39:22,14,49,31,35,0
2024-08-06 06:39:24,14,49,31,35,0
2024-08-06 06:39:26,14,49,31,35,0
2024-08-06 06:39:28,14,49,31,35,0
2024-08-06 06:39:30,14,49,31,35,0
2024-08-06 06:39:32,14,49,31,35,0
2024-08-06 06:39:34,14,49,31,35,0
2024-08-06 06:39:36,14,49,31,35,0
2024-08-06 06:39:38,14,49,31,35,0
2024-08-06 06:39:40,14,49,31,35,0
2024-08-06 06:39:42,14,49,31,35,0
2024-08-06 06:39:44,14,49,31,35,0
2024-08-06 06:39:46,14,49,31,35,0
2024-08-06 06:39:48,14,49,31,35,0
2024-08-06 06:39:50,14,49,31,35,0
2024-08-06 06:39:52,14,49,31,35,0
2024-08-06 06:39:54,14,49,31,35,0
2024-08-06 06:39:56,14,49,31,35,0
2024-08-06 06:39:58,14,49,31,35,0
2024-08-06 06:40:00,14,49,31,35,0
2024-08-06 06:40:02,14,49,31,35,0
2024-08-06 06:40:04,14,49,31,35,0
2024-08-06 06:40:06,14,49,31,35,0
2024-08-06 06:40:08,14,49,31,35,0
2024-08-06 06:40:10,14,49,31,35,0
2024-08-06 06:40:12,14,49,31,35,0
2024-08-06 06:40:14,14,49,31,35,0
2024-08-06 06:40:16,14,49,31,35,0
2024-08-06 06:40:18,14,49,31,35,0
2024-08-06 06:40:20,14,49,31,35,0
2024-08-06 06:40:22,14,49,31,35,0
2024-08-06 06:40:24,14,49,31,35,0
2024-08-06 06:40:26,14,49,31,35,0
2024-08-06 06:40:28,14,49,31,35,0
2024-08-06 06:40:30,14,49,31,35,0
2024-08-06 06:40:32,14,49,31,35,0
2024-08-06 06:40:34,14,49,31,35,0
2024-08-06 06:40:36,14,49,31,35,0
2024-08-06 06:40:38,14,49,31,35,0
2024-08-06 06:40:40,14,49,31,35,0
2024-08-06 06:40:42,14,49,31,35,0
2024-08-06 06:40:44,14,49,31,35,0
2024-08-06 06:40:46,14,49,31,35,0
2024-08-06 06:40:48,14,49,31,35,0
2024-08-06 06:40:50,14,49,31,35,0
2024-08-06 06:40:52,14,49,31,35,0
2024-08-06 06:40:54,14,49,31,35,0
2024-08-06 06:40:56,14,49,31,35,0
2024-08-06 06:40:58,14,49,31,35,0
2024-08-06 06:41:00,14,49,31,35,0
2024-08-06 06:41:02,14,49,31,35,0
2024-08-06 06:41:04,14,49,31,35,0
2024-08-06 06:41:06,14,49,31,35,0
2024-08-06 06:41:08,14,49,31,35,0
2024-08-06 06:41:10,14,49,31,35,0
2024-08-06 06:41:12,14,49,31,35,0
2024-08-06 06:41:14,14,49,31,35,0
2024-08-06 06:41:16,14,49,31,35,0
2024-08-06 06:41:18,14,49,31,35,0
2024-08-06 06:41:20,14,49,31,35,0
2024-08-06 06:41:22,14,49,31,35,0
2024-08-06 06:41:24,14,49,31,35,0
2024-08-06 06:41:26,14,49,31,35,0
2024-08-06 06:41:28,0,62,38,62,0
2024-08-06 06:41:30,0,62,38,62,0
2024-08-06 06:41:32,0,62,38,62,0
2024-08-06 06:41:34,0,62,38,62,0
2024-08-06 06:41:36,0,62,38,62,0
2024-08-06 06:41:38,0,62,38,62,0
2024-08-06 06:41:40,0,62,38,62,0
2024-08-06 06:41:42,0,62,38,62,0
2024-08-06 06:41:44,0,62,38,62,0
2024-08-06 06:41:46,0,62,38,62,0
2024-08-06 06:41:48,0,62,38,62,0
2024-08-06 06:41:50,0,62,38,62,0
2024-08-06 06:41:52,0,62,38,62,0
2024-08-06 06:41:54,0,62,38,62,0
2024-08-06 06:41:56,0,62,38,62,0
2024-08-06 06:41:58,0,62,38,62,0
2024-08-06 06:42:00,0,62,38,62,0
2024-08-06 06:42:02,0,62,38,62,0
2024-08-06 06:42:04,0,62,38,62,0
2024-08-06 06:42:06,0,62,38,62,0
2024-08-06 06:42:08,0,62,38,62,0
2024-08-06 06:42:10,0,62,38,62,0
2024-08-06 06:42:12,0,62,38,62,0
2024-08-06 06:42:14,0,62,38,62,0
2024-08-06 06:42:16,0,62,38,62,0
2024-08-06 06:42:18,0,62,38,62,0
2024-08-06 06:42:20,0,62,38,62,0
2024-08-06 06:42:22,0,62,38,62,0
2024-08-06 06:42:24,0,62,38,62,0
2024-08-06 06:42:26,0,62,38,62,0
2024-08-06 06:42:28,0,62,38,62,0
2024-08-06 06:42:30,0,62,38,62,0
2024-08-06 06:42:32,0,62,38,62,0
2024-08-06 06:42:34,0,62,38,62,0
2024-08-06 06:42:36,0,62,38,62,0
2024-08-06 06:42:38,0,62,38,62,0
2024-08-06 06:42:40,0,62,38,62,0
2024-08-06 06:42:42,0,62,38,62,0
2024-08-06 06:42:44,0,62,38,62,0
2024-08-06 06:42:46,0,62,38,62,0
2024-08-06 06:42:48,0,62,38,62,0
2024-08-06 06:42:50,0,62,38,62,0
2024-08-06 06:42:52,0,62,38,62,0
2024-08-06 06:42:54,0,62,38,62,0
2024-08-06 06:42:56,0,62,38,62,0
2024-08-06 06:42:58,0,62,38,62,0
2024-08-06 06:43:00,0,62,38,62,0
2024-08-06 06:43:02,0,62,38,62,0
2024-08-06 06:43:04,0,62,38,62,0
2024-08-06 06:43:06,0,62,38,62,0
2024-08-06 06:43:08,0,62,38,62,0
2024-08-06 06:43:10,0,62,38,62,0
2024-08-06 06:43:12,0,62,38,62,0
2024-08-06 06:43:14,0,62,38,62,0
2024-08-06 06:43:16,0,62,38,62,0
2024-08-06 06:43:18,0,62,38,62,0
2024-08-06 06:43:20,0,62,38,62,0
2024-08-06 06:43:22,0,62,38,62,0
2024-08-06 06:43:24,0,62,38,62,0
2024-08-06 06:43:26,0,62,38,62,0
2024-08-06 06:43:28,0,62,38,62,0
2024-08-06 06:43:30,0,62,38,62,0
2024-08-06 06:43:32,0,62,38,62,0
2024-08-06 06:43:34,0,62,38,62,0
2024-08-06 06:43:36,0,62,38,62,0
2024-08-06 06:43:38,0,62,38,62,0
2024-08-06 06:43:40,0,62,38,62,0
2024-08-06 06:43:42,0,62,38,62,0
2024-08-06 06:43:44,0,62,38,62,0
2024-08-06 06:43:46,0,62,38,62,0
2024-08-06 06:43:48,0,62,38,62,0
2024-08-06 06:43:50,0,62,38,62,0
2024-08-06 06:43:52,0,62,38,62,0
2024-08-06 06:43:54,0,62,38,62,0
2024-08-06 06:43:56,0,62,38,62,0
2024-08-06 06:43:58,0,62,38,62,0
2024-08-06 06:44:00,0,62,38,62,0
2024-08-06 06:44:02,0,62,38,62,0
2024-08-06 06:44:04,0,62,38,62,0
2024-08-06 06:45:40,0,62,38,62,0
2024-08-06 06:45:42,0,62,38,62,0
2024-08-06 06:45:44,0,62,38,62,0
2024-08-06 06:45:46,0,62,38,62,0
2024-08-06 06:45:48,0,62,38,62,0
2024-08-06 06:45:50,0,62,38,62,0
2024-08-06 06:45:52,0,62,38,62,0
2024-08-06 06:45:54,0,62,38,62,0
2024-08-06 06:45:56,0,62,38,62,0
2024-08-06 06:45:58,0,62,38,62,0
2024-08-06 06:46:00,0,62,38,62,0
2024-08-06 06:46:02,0,62,38,62,0
2024-08-06 06:46:04,0,62,38,62,0
2024-08-06 06:46:06,0,62,38,62,0
2024-08-06 06:46:08,0,62,38,62,0
2024-08-06 06:46:10,0,62,38,62,0
2024-08-06 06:46:12,0,62,38,62,0
2024-08-06 06:46:14,0,62,38,62,0
2024-08-06 06:46:16,0,62,38,62,0
2024-08-06 06:46:18,0,62,38,62,0
2024-08-06 06:46:20,0,62,38,62,0
2024-08-06 06:46:22,0,62,38,62,0
2024-08-06 06:46:24,0,62,38,62,0
2024-08-06 06:46:26,0,62,38,62,0
2024-08-06 06:46:28,0,62,38,62,0
2024-08-06 06:46:30,0,62,38,62,0
2024-08-06 06:46:32,0,62,38,62,0
2024-08-06 06:46:34,0,62,38,62,0
2024-08-06 06:46:36,0,62,38,62,0
2024-08-06 06:46:38,0,62,38,62,0
2024-08-06 06:46:40,0,62,38,62,0
2024-08-06 06:46:42,0,62,38,62,0
2024-08-06 06:46:44,0,62,38,62,0
2024-08-06 06:46:46,0,62,38,62,0
2024-08-06 06:46:48,0,62,38,62,0
2024-08-06 06:46:50,0,62,38,62,0
2024-08-06 06:46:52,0,62,38,62,0
2024-08-06 06:46:54,0,62,38,62,0
2024-08-06 06:46:56,0,62,38,62,0
2024-08-06 06:46:58,0,62,38,62,0
2024-08-06 06:47:00,0,62,38,62,0
2024-08-06 06:47:02,0,62,38,62,0
2024-08-06 06:47:04,0,62,38,62,0